DMR,2,1007144,Local
DMR,2,1000002,Cluster
DMR,2,1000008,Regional
DMR,2,1000009,Local
DMR,2,1000091,World-wide
DMR,2,1000092,Europe
DMR,2,1000093,North America
DMR,2,1000094,Asia Middle East
DMR,2,1000095,Australia New Zealand
DMR,2,1000098,Radio Test
DMR,2,1000202,Î”Î¹ÎµÎ¸Î½Î­Ï‚ Î•Î»Î»Î¬Î´Î±
DMR,2,1000204,Nederland
DMR,2,1000206,Belgium
DMR,2,1000208,France
DMR,2,1000213,Andorra
DMR,2,1000214,Spain
DMR,2,1000216,Hungary
DMR,2,1000218,Bosnia and Herzegovina
DMR,2,1000219,Croatia
DMR,2,1000220,Serbia
DMR,2,1000222,Italia
DMR,2,1000226,Romania
DMR,2,1000228,Switzerland
DMR,2,1000230,Czech Republic
DMR,2,1000231,Slovak
DMR,2,1000232,Austria
DMR,2,1000235,UK Call - QSY to 2351 or 2352
DMR,2,1000238,Denmark
DMR,2,1000240,Sweden
DMR,2,1000242,Norway
DMR,2,1000244,Finland
DMR,2,1000246,Lithuania
DMR,2,1000247,Latvia
DMR,2,1000248,Estonia
DMR,2,1000255,Ukraine
DMR,2,1000259,Moldova
DMR,2,1000260,Poland
DMR,2,1000262,Deutschland
DMR,2,1000263,MultiMode DL
DMR,2,1000268,Portugal
DMR,2,1000270,Luxembourg
DMR,2,1000272,Ireland
DMR,2,1000278,Malta
DMR,2,1000280,Cyprus
DMR,2,1000282,Georgia
DMR,2,1000283,Armenia
DMR,2,1000284,Bulgaria
DMR,2,1000286,Turkey
DMR,2,1000292,San Marino
DMR,2,1000293,Slovenia
DMR,2,1000295,Liechtenstein
DMR,2,1000297,Montenegro
DMR,2,1000302,Canada Wide
DMR,2,1000310,Tac 310 NOT A CALL CHANNEL
DMR,2,1000311,TAC 311 USA NO NETS!!!
DMR,2,1000312,TAC 312 USA NO NETS!!!
DMR,2,1000313,TAC 313 USA NO NETS!!!
DMR,2,1000314,TAC 314 USA NO NETS!!!
DMR,2,1000315,TAC 315 USA NO NETS!!!
DMR,2,1000316,TAC 316 USA NO NETS!!!
DMR,2,1000317,TAC 317 USA NO NETS!!!
DMR,2,1000318,TAC 318 USA NO NETS!!!
DMR,2,1000319,TAC 319 USA NO NETS!!!
DMR,2,1000330,Puerto Rico
DMR,2,1000334,XE
DMR,2,1000338,Jamaica
DMR,2,1000352,Grenada
DMR,2,1000358,Saint Lucia
DMR,2,1000362,CuraÃ§ao
DMR,2,1000368,Cuba
DMR,2,1000370,Dominican Republic
DMR,2,1000372,Haiti
DMR,2,1000374,Trinidad / Tobago
DMR,2,1000400,Azerbaijan
DMR,2,1000401,Kazahstan
DMR,2,1000404,India
DMR,2,1000415,Lebanon
DMR,2,1000420,Saudi Arabia
DMR,2,1000422,Oman
DMR,2,1000425,Israel
DMR,2,1000426,Bahrein
DMR,2,1000427,Qatar
DMR,2,1000430,United Arab Emirates
DMR,2,1000440,Japan
DMR,2,1000450,South Korea
DMR,2,1000452,Vietnam
DMR,2,1000454,Hong Kong
DMR,2,1000460,China
DMR,2,1000470,Bangladesh
DMR,2,1000502,Malaysia National
DMR,2,1000505,Australia
DMR,2,1000510,Indonesia
DMR,2,1000515,Philippines
DMR,2,1000520,Thailand
DMR,2,1000525,Singapore
DMR,2,1000530,ZL National
DMR,2,1000602,Egypt
DMR,2,1000604,Morocco
DMR,2,1000655,South Africa
DMR,2,1000704,Guatemala
DMR,2,1000706,El Salvador
DMR,2,1000708,Honduras
DMR,2,1000710,Nicaragua
DMR,2,1000712,Costa Rica
DMR,2,1000714,Panama
DMR,2,1000716,PerÃº
DMR,2,1000722,Argentina
DMR,2,1000724,Brazil Nacional
DMR,2,1000730,Chile
DMR,2,1000732,RepÃºblica de Colombia
DMR,2,1000734,Venezuela
DMR,2,1000740,Ecuador
DMR,2,1000748,Uruguay
DMR,2,1000899,Repeater Testing
DMR,2,1000901,WW Tac 1
DMR,2,1000902,WW Tac 2
DMR,2,1000903,WW Tac 3
DMR,2,1000907,JOTA
DMR,2,1000910,German
DMR,2,1000913,English
DMR,2,1000914,Spanish
DMR,2,1000915,Portuguese
DMR,2,1000916,Italian
DMR,2,1000918,YOTA
DMR,2,1000920,DL OE HB9
DMR,2,1000922,Dutch
DMR,2,1000923,European English
DMR,2,1000924,Swedish
DMR,2,1000927,Nordic
DMR,2,1000930,PanHellenic Chat
DMR,2,1000937,Francophonie
DMR,2,1000940,Arabic
DMR,2,1000955,WWYL
DMR,2,1000969,DMR-Caribbean
DMR,2,1000973,SOTA
DMR,2,1002021,Î ÎµÏÎ¹Î¿Ï‡Î® 1 Î•Î¸Î½Î¹ÎºÎ®
DMR,2,1002022,Î ÎµÏÎ¹Î¿Ï‡Î® 2 Î•Î¸Î½Î¹ÎºÎ®
DMR,2,1002023,Î ÎµÏÎ¹Î¿Ï‡Î® 3 Î•Î¸Î½Î¹ÎºÎ®
DMR,2,1002024,Î ÎµÏÎ¹Î¿Ï‡Î® 4 Î•Î¸Î½Î¹ÎºÎ®
DMR,2,1002025,Î ÎµÏÎ¹Î¿Ï‡Î® 5 Î•Î¸Î½Î¹ÎºÎ®
DMR,2,1002026,Î ÎµÏÎ¹Î¿Ï‡Î® 6 Î•Î¸Î½Î¹ÎºÎ®
DMR,2,1002027,Î ÎµÏÎ¹Î¿Ï‡Î® 7 Î•Î¸Î½Î¹ÎºÎ®
DMR,2,1002028,Î ÎµÏÎ¹Î¿Ï‡Î® 8 Î•Î¸Î½Î¹ÎºÎ®
DMR,2,1002029,Î ÎµÏÎ¹Î¿Ï‡Î® 9 Î•Î¸Î½Î¹ÎºÎ®
DMR,2,1002041,Noord Nederland
DMR,2,1002042,Midden Nederland
DMR,2,1002043,Zuid Nederland
DMR,2,1002044,Oost Nederland
DMR,2,1002045,Nederland Techtalk
DMR,2,1002061,Belgium North
DMR,2,1002062,Belgium South
DMR,2,1002063,Belgium East
DMR,2,1002064,Belgium OnDemand 4
DMR,2,1002065,Belgium OnDemand 5
DMR,2,1002066,Belgium OnDemand 6
DMR,2,1002067,Belgium OnDemand 7
DMR,2,1002068,Belgium OnDemand 8
DMR,2,1002069,Belgium OnDemand 9
DMR,2,1002080,Urgences FR
DMR,2,1002081,RÃ©gion Ile de France
DMR,2,1002082,RÃ©gion Nord-ouest
DMR,2,1002083,RÃ©gion Nord-est
DMR,2,1002084,RÃ©gion Sud-est
DMR,2,1002085,RÃ©gion Sud-ouest
DMR,2,1002087,Technique
DMR,2,1002089,France Dom-Tom
DMR,2,1002140,Spain Link
DMR,2,1002141,Regional EA1
DMR,2,1002142,Regional EA2
DMR,2,1002143,Regional EA3
DMR,2,1002144,Regional EA4
DMR,2,1002145,Regional EA5
DMR,2,1002146,Regional EA6
DMR,2,1002147,Regional EA7
DMR,2,1002148,Regional EA8
DMR,2,1002149,Regional EA9
DMR,2,1002161,Hungary East
DMR,2,1002162,Hungary West
DMR,2,1002163,Hungary North
DMR,2,1002164,Hungary South
DMR,2,1002165,Hungary Test
DMR,2,1002169,Local repeater
DMR,2,1002260,MULTIPROTO YO
DMR,2,1002262,District YO2
DMR,2,1002263,District YO3
DMR,2,1002264,District YO4
DMR,2,1002265,District YO5
DMR,2,1002266,District YO6
DMR,2,1002267,District YO7
DMR,2,1002268,District YO8
DMR,2,1002269,District YO9
DMR,2,1002280,Schweiz Deutsch
DMR,2,1002281,Suisse Romande
DMR,2,1002282,Valais / Wallis
DMR,2,1002283,Bern / Solothurn
DMR,2,1002284,Basel
DMR,2,1002285,Aargau / Zentralschweiz
DMR,2,1002286,Ticino
DMR,2,1002287,GraubÃ¼nden
DMR,2,1002288,ZÃ¼rich
DMR,2,1002289,Ostschweiz
DMR,2,1002300,Czech Crossconect
DMR,2,1002301,Bohemia
DMR,2,1002302,Moravia
DMR,2,1002311,Slovakia
DMR,2,1002320,OE-Master
DMR,2,1002321,Wien
DMR,2,1002322,Salzburg
DMR,2,1002323,Niederoesterreich
DMR,2,1002324,Burgenland
DMR,2,1002325,Oberoesterreich
DMR,2,1002326,Steiermark
DMR,2,1002327,Tirol
DMR,2,1002328,Kaernten
DMR,2,1002329,Vorarlberg
DMR,2,1002350,United Kingdom
DMR,2,1002351,Chat 1
DMR,2,1002352,Chat 2
DMR,2,1002353,Chat 3
DMR,2,1002354,Ireland
DMR,2,1002355,Scotland
DMR,2,1002356,Wales
DMR,2,1002357,Isle of Man
DMR,2,1002358,London
DMR,2,1002359,Kernow
DMR,2,1002381,Denmark Nordjylland
DMR,2,1002382,Denmark Midtjylland
DMR,2,1002383,Denmark Syddanmark
DMR,2,1002384,Denmark Copenhagen
DMR,2,1002385,Denmark Sjaelland
DMR,2,1002386,QSY1 Chat
DMR,2,1002387,QSY2 Chat
DMR,2,1002400,Regional SM0
DMR,2,1002401,Regional SM1
DMR,2,1002402,Regional SM2
DMR,2,1002403,Regional SM3
DMR,2,1002404,Regional SM4
DMR,2,1002405,Regional SM5
DMR,2,1002406,Regional SM6
DMR,2,1002407,Regional SM7
DMR,2,1002410,DCS010D
DMR,2,1002411,SM Tactical
DMR,2,1002415,DCS010V
DMR,2,1002416,Swedenlink
DMR,2,1002421,SÃ¸r- og Ã˜stlandet
DMR,2,1002424,Vestlandet
DMR,2,1002426,Midtnorge
DMR,2,1002429,Nordnorge
DMR,2,1002440,AX OH0
DMR,2,1002441,FI OH1
DMR,2,1002442,FI OH2
DMR,2,1002443,FI OH3
DMR,2,1002444,FI OH4
DMR,2,1002445,FI OH5
DMR,2,1002446,FI OH6
DMR,2,1002447,FI OH7
DMR,2,1002448,FI OH8
DMR,2,1002449,FI OH9
DMR,2,1002501,Russia Global
DMR,2,1002502,XRF250A Bridge
DMR,2,1002503,DSTAR-SU / 24009 (WIRES-X)
DMR,2,1002504,*RUSSIA* (EchoLink)
DMR,2,1002505,Bridge to Radiocult (FRN)
DMR,2,1002506,XRF250C Bridge
DMR,2,1002555,Ukraine bridge DMR D-STAR YSF
DMR,2,1002559,Emergency Ukraine
DMR,2,1002600,Polonia TG
DMR,2,1002601,Regional SP1
DMR,2,1002602,Regional SP2
DMR,2,1002603,Regional SP3
DMR,2,1002604,Regional SP4
DMR,2,1002605,Regional SP5
DMR,2,1002606,Regional SP6
DMR,2,1002607,Regional SP7
DMR,2,1002608,Regional SP8
DMR,2,1002609,Regional SP9
DMR,2,1002620,Sachsen-Anhalt/Mecklenburg-Vorpo
DMR,2,1002621,Berlin/Brandenburg
DMR,2,1002622,Hamburg/Schleswig-Holstein
DMR,2,1002623,Niedersachsen/Bremen
DMR,2,1002624,Nordrhein-Westfalen
DMR,2,1002625,Rheinland-Pfalz/Saarland
DMR,2,1002626,Hessen
DMR,2,1002627,Baden-WÃ¼rttemberg
DMR,2,1002628,Bayern
DMR,2,1002629,Sachsen/ThÃ¼ringen
DMR,2,1002681,North
DMR,2,1002682,Center
DMR,2,1002683,Capital
DMR,2,1002684,Alentejo
DMR,2,1002685,Algarve
DMR,2,1002686,Azores
DMR,2,1002687,Madeira Is.
DMR,2,1002701,XLX270 A
DMR,2,1002705,LX ADRAD
DMR,2,1002706,LX RLX
DMR,2,1002707,LX Laru
DMR,2,1002722,IE Calling
DMR,2,1002723,IE Chat
DMR,2,1002724,Bridge to YSF-IE
DMR,2,1002729,AREN Logistics
DMR,2,1002802,Nicosia
DMR,2,1002803,Famagusta
DMR,2,1002804,Larnaca
DMR,2,1002805,Limassol
DMR,2,1002806,Paphos
DMR,2,1002807,Kyrenia
DMR,2,1002842,Sofia
DMR,2,1002843,Plovdiv
DMR,2,1002860,Turkey 0.Region
DMR,2,1002861,Turkey 1.Region
DMR,2,1002940,EmComm
DMR,2,1002941,Skopje
DMR,2,1002942,Tetovo
DMR,2,1002943,Gostivar
DMR,2,1002944,Kicevo
DMR,2,1002945,Struga
DMR,2,1002946,Ohrid
DMR,2,1002947,Kumanovo
DMR,2,1002948,Prilep
DMR,2,1002949,Strumica
DMR,2,1003020,Newfoundland & Labrador
DMR,2,1003021,Nova Scotia
DMR,2,1003022,Quebec
DMR,2,1003023,Ontario
DMR,2,1003024,Manitoba
DMR,2,1003025,Saskatchewan
DMR,2,1003026,Alberta
DMR,2,1003027,British Columbia
DMR,2,1003028,Nunavut Yukon & NWT
DMR,2,1003029,New Brunswick
DMR,2,1003100,USA Bridge - NO POLITICS!
DMR,2,1003101,Alabama - 10 Minute Limit
DMR,2,1003102,Alaska - 10 Minute Limit
DMR,2,1003104,Arizona - 10 Minute Limit
DMR,2,1003105,Arkansas - 10 Minute Limit
DMR,2,1003106,California - 10 Minute Limit
DMR,2,1003108,Colorado - 10 Minute Limit
DMR,2,1003109,Connecticut - 10 Minute Limit
DMR,2,1003110,Delaware - 10 Minute Limit
DMR,2,1003111,D.C. - 10 Minute Limit
DMR,2,1003112,Florida - 10 Minute Limit
DMR,2,1003113,Georgia - 10 Minute Limit
DMR,2,1003115,Hawaii - 10 Minute Limit
DMR,2,1003116,Idaho - 10 Minute Limit
DMR,2,1003117,Illinois - 10 Minute Limit
DMR,2,1003118,Indiana - 10 Minute Limit
DMR,2,1003119,Iowa - 10 Minute Limit
DMR,2,1003120,Kansas - 10 Minute Limit
DMR,2,1003121,Kentucky - 10 Minute Limit
DMR,2,1003122,Louisiana - 10 Minute Limit
DMR,2,1003123,Maine - 10 Minute Limit
DMR,2,1003124,Maryland - 10 Minute Limit
DMR,2,1003125,Massachusetts - 10 Minute Limit
DMR,2,1003126,Michigan - 10 Minute Limit
DMR,2,1003127,Minnesota - 10 Minute Limit
DMR,2,1003128,Mississippi - 10 Minute Limit
DMR,2,1003129,Missouri - 10 Minute Limit
DMR,2,1003130,Montana - 10 Minute Limit
DMR,2,1003131,Nebraska - 10 Minute Limit
DMR,2,1003132,Nevada - 10 Minute Limit
DMR,2,1003133,New Hampshire - 10 Minute Limit
DMR,2,1003134,New Jersey - 10 Minute Limit
DMR,2,1003135,New Mexico - 10 Minute Limit
DMR,2,1003136,New York - 10 Minute Limit
DMR,2,1003137,North Carolina - 10 Minute Limit
DMR,2,1003138,North Dakota - 10 Minute Limit
DMR,2,1003139,Ohio - 10 Minute Limit
DMR,2,1003140,Oklahoma - 10 Minute Limit
DMR,2,1003141,Oregon - 10 Minute Limit
DMR,2,1003142,Pennsylvania - 10 Minute Limit
DMR,2,1003144,Rhode Island - 10 Minute Limit
DMR,2,1003145,South Carolina - 10 Minute Limit
DMR,2,1003146,South Dakota - 10 Minute Limit
DMR,2,1003147,Tennessee - 10 Minute Limit
DMR,2,1003148,Texas - 10 Minute Limit
DMR,2,1003149,Utah - 10 Minute Limit
DMR,2,1003150,Vermont - 10 Minute Limit
DMR,2,1003151,Virginia - 10 Minute Limit
DMR,2,1003153,Washington - 10 Minute Limit
DMR,2,1003154,West Virginia - 10 Minute Limit
DMR,2,1003155,Wisconsin - 10 Minute Limit
DMR,2,1003156,Wyoming - 10 Minute Limit
DMR,2,1003160,CAP - Civil Air Patrol
DMR,2,1003166,DVSwitch
DMR,2,1003167,Allstar
DMR,2,1003169,Midwest
DMR,2,1003171,NoCo
DMR,2,1003172,Northeast
DMR,2,1003173,Mid-Atlantic
DMR,2,1003174,Southeast
DMR,2,1003175,Southern Plains
DMR,2,1003176,Southwest
DMR,2,1003177,Mountain
DMR,2,1003180,Missouri Lakes
DMR,2,1003181,POTA
DMR,2,1003190,PADMR
DMR,2,1003195,Chemung Storm Chasers
DMR,2,1003199,US Hurricane Net
DMR,2,1003300,PRadise Repeaters
DMR,2,1003304,Distrito Arecibo
DMR,2,1003305,Distrito Bayamon
DMR,2,1003306,Distrito Carolina
DMR,2,1003307,Distrito Guayama
DMR,2,1003308,Distrito Humacao
DMR,2,1003309,Distrito Mayaguez
DMR,2,1003341,XE 1
DMR,2,1003342,XE 2
DMR,2,1003343,XE 3
DMR,2,1003581,Castries
DMR,2,1003582,VieuX Fort
DMR,2,1003622,PJ2 Tech
DMR,2,1003740,REACT
DMR,2,1003741,Woodbrook
DMR,2,1003742,Port of Spain
DMR,2,1003743,San Fernando
DMR,2,1003744,Tobago
DMR,2,1004000,Disconnect
DMR,2,1004269,BARS
DMR,2,1005021,West Malaysia
DMR,2,1005022,East Malaysia
DMR,2,1005050,XLX500 G
DMR,2,1005051,Australian capital territory
DMR,2,1005052,Australia New South Wales
DMR,2,1005053,Australia Victoria
DMR,2,1005054,Australia Queensland
DMR,2,1005055,South Australia
DMR,2,1005056,Western Australia
DMR,2,1005057,Tasmania
DMR,2,1005058,Australia Northern territory
DMR,2,1005151,NCR
DMR,2,1005152,CRIRCV
DMR,2,1005153,Cluzon
DMR,2,1005154,BICOLR
DMR,2,1005201,R1-Central
DMR,2,1005202,R2-East
DMR,2,1005203,R3-L.Northeast
DMR,2,1005204,R4-U.Northeast
DMR,2,1005205,R5-U.North
DMR,2,1005206,R6-L.North
DMR,2,1005207,R7-West
DMR,2,1005208,R8-U.South
DMR,2,1005209,R9-L.South
DMR,2,1005301,ZL1 Regional
DMR,2,1005302,ZL2 Regional
DMR,2,1005303,ZL3 Regional
DMR,2,1005304,ZL4 Regional
DMR,2,1006041,Rabat
DMR,2,1006471,La RÃ©union
DMR,2,1006558,SARL Hamnet
DMR,2,1007060,XLX526C
DMR,2,1007061,RegiÃ³n 1
DMR,2,1007062,RegiÃ³n 2
DMR,2,1007063,RegiÃ³n 3
DMR,2,1007064,Eventos Especiales
DMR,2,1007065,Emergencias
DMR,2,1007081,Honduras zone 1
DMR,2,1007082,Honduras zone 2
DMR,2,1007083,Honduras zone 3
DMR,2,1007084,Honduras zone 4
DMR,2,1007085,Honduras zone 5
DMR,2,1007086,Honduras zone 6
DMR,2,1007087,Honduras zone 7
DMR,2,1007088,Honduras zone 8
DMR,2,1007089,Honduras zone 9
DMR,2,1007101,Managua Capital
DMR,2,1007102,Zona del Pacifico
DMR,2,1007103,Zona Del Atlantico
DMR,2,1007104,Zona Norte
DMR,2,1007141,Panama City
DMR,2,1007142,Colon
DMR,2,1007143,wires-x fusion link
DMR,2,1007144,Chiriqui
DMR,2,1007145,GREMPA
DMR,2,1007146,UPRA
DMR,2,1007148,RadioClubPanama
DMR,2,1007162,TRUJILLO ZONA 2
DMR,2,1007166,Peru Zona OA6
DMR,2,1007221,AR AMBA
DMR,2,1007227,Argentina LINK
DMR,2,1007229,Argentina ROOM
DMR,2,1007300,CE0
DMR,2,1007301,CE1
DMR,2,1007302,CE2
DMR,2,1007303,CE3
DMR,2,1007304,CE4
DMR,2,1007305,CE5
DMR,2,1007306,CE6
DMR,2,1007307,CE7
DMR,2,1007308,CE8
DMR,2,1007309,CE9
DMR,2,1007320,Colombia HK0 Zone
DMR,2,1007323,Colombia HK3 Zone
DMR,2,1007325,Colombia HK5 Zone
DMR,2,1007326,Colombia HK6 Zone
DMR,2,1007400,Ecuador-HC3-Loja-DMR/YSF
DMR,2,1007401,Ecuador HC3 Loja
DMR,2,1007402,Ecuador DX Club
DMR,2,1007487,Uruguay Link
DMR,2,1008515,Dstar Italia XLX-77 Link
DMR,2,1009071,JOTA Tac 1
DMR,2,1009072,JOTA Tac 2
DMR,2,1009073,JOTA Tac 3
DMR,2,1009074,JOTA Tac 4
DMR,2,1009075,JOTA Tac 5
DMR,2,1009076,JOTA Tac 6
DMR,2,1009077,JOTA Tac 7
DMR,2,1009078,JOTA Tac 8
DMR,2,1009101,Worldwide Maritime
DMR,2,1009102,Worldwide Aviation
DMR,2,1009107,XRF007 B
DMR,2,1009112,Emcom EU
DMR,2,1009201,EURAO
DMR,2,1009371,Francophonie C4FM
DMR,2,1009410,ATV Talk
DMR,2,1009480,ICQ Podcast
DMR,2,1009500,Collegiate
DMR,2,1009800,Cafe Gratis
DMR,2,1009911,Emcom US
DMR,2,1009990,Parrot - Private Call ONLY
DMR,2,1020201,Hellenic Tech 1
DMR,2,1020202,Hellenic Tech 2
DMR,2,1020203,Hellenic Echolink Bridge
DMR,2,1020206,XLX145/DStar
DMR,2,1020207,RAAG XLX737
DMR,2,1020208,YSF202 Greece
DMR,2,1020231,PATRAS Group
DMR,2,1020241,Trikala Greece
DMR,2,1020261,Ioannina Greece
DMR,2,1020281,Corfu Island Greece
DMR,2,1020401,Wires-X Hobbyscoop
DMR,2,1020413,Noordenveld
DMR,2,1020421,Regio Keistad
DMR,2,1020422,Rijk van Nijmegen
DMR,2,1020423,Utrecht
DMR,2,1020424,Rijnmond
DMR,2,1020426,Drechtsteden
DMR,2,1020427,NHNoord
DMR,2,1020431,Limburg
DMR,2,1020432,Noord Brabant
DMR,2,1020433,Maasdriehoek
DMR,2,1020441,Regio IJsselmond
DMR,2,1020443,Gelderland midden
DMR,2,1020492,Veteranendag
DMR,2,1020493,RFDX
DMR,2,1020601,Belgium North YSF Bridge
DMR,2,1020602,Belgium South YSF Bridge
DMR,2,1020610,Belgian CW
DMR,2,1020681,Gembloux
DMR,2,1020800,Wires-X-France
DMR,2,1020803,DÃ©pt Allier
DMR,2,1020810,DÃ©pt Aube
DMR,2,1020812,DÃ©pt Aveyron
DMR,2,1020813,DÃ©pt Bouches-du-RhÃ´ne
DMR,2,1020820,DÃ©pt Corse
DMR,2,1020828,DÃ©pt Eure-et-Loir
DMR,2,1020830,DÃ©pt Gard
DMR,2,1020835,DÃ©pt Ille et Vilaine
DMR,2,1020837,DÃ©pt Indre-et-Loire
DMR,2,1020840,DÃ©pt Landes
DMR,2,1020843,DÃ©pt Haute-Loire
DMR,2,1020844,DÃ©pt Loire-Atl
DMR,2,1020845,DÃ©pt Loiret
DMR,2,1020853,DÃ©pt Mayenne
DMR,2,1020857,DÃ©pt Moselle
DMR,2,1020859,DÃ©pt Nord
DMR,2,1020866,DÃ©pt PyrÃ©nÃ©es-Orientales
DMR,2,1020867,DÃ©pt Bas-rhin
DMR,2,1020869,Lyon Rhone-Alpes
DMR,2,1020872,DÃ©partement Sarthe
DMR,2,1020877,DÃ©pt Seine-et-Marne
DMR,2,1020883,DÃ©pt Var
DMR,2,1020887,DÃ©pt Haute-Vienne
DMR,2,1020895,DÃ©pt Val-d'Oise
DMR,2,1021401,Provincial Araba
DMR,2,1021402,Provincial Albacete
DMR,2,1021403,Provincial Alicante
DMR,2,1021404,Provincial AlmerÃ­a
DMR,2,1021405,Provincial Avila
DMR,2,1021406,Provincial Badajoz
DMR,2,1021407,Provincial Illes Balears
DMR,2,1021408,Provincial Barcelona
DMR,2,1021409,Provincial Burgos
DMR,2,1021410,Provincial CÃ¡ceres
DMR,2,1021411,Provincial CÃ¡diz
DMR,2,1021412,Provincial CastellÃ³n
DMR,2,1021413,Provincial Ciudad Real
DMR,2,1021414,Provincial CÃ³rdoba
DMR,2,1021415,Provincial CoruÃ±a
DMR,2,1021416,Provincial Cuenca
DMR,2,1021417,Provincial Girona
DMR,2,1021418,Provincial Granada
DMR,2,1021419,Provincial Guadalajara
DMR,2,1021420,Provincial Gipuzkoa
DMR,2,1021421,Provincial Huelva
DMR,2,1021422,Provincial Huesca
DMR,2,1021423,Provincial Jaen
DMR,2,1021424,Provincial Leon
DMR,2,1021425,Provincial Lleida
DMR,2,1021427,Provincial Lugo
DMR,2,1021428,Provincial Madrid
DMR,2,1021429,Provincial MÃ¡laga
DMR,2,1021430,Provincial Murcial
DMR,2,1021431,Provincial Navarra
DMR,2,1021432,Provincial Ourense
DMR,2,1021433,Provincial Asturias
DMR,2,1021434,Provincial Palencia
DMR,2,1021436,Provincial Pontevedra
DMR,2,1021437,Provincial Salamanca
DMR,2,1021438,Provincial Tenerife
DMR,2,1021439,Provincial Cantabria
DMR,2,1021440,Provincial Segovia
DMR,2,1021441,Provincial Sevilla
DMR,2,1021442,Provincial Soria
DMR,2,1021443,Provincial Tarragona
DMR,2,1021444,Provincial Teruel
DMR,2,1021445,Provincial Toledo
DMR,2,1021446,Provincial Valencia
DMR,2,1021447,Provincial Valladolid
DMR,2,1021448,Bizkaia
DMR,2,1021449,Provincial Zamora
DMR,2,1021450,Provincial Zaragoza
DMR,2,1021451,Provincial Ceuta
DMR,2,1021452,Pronvical Melilla
DMR,2,1021460,BM-CAT
DMR,2,1021461,Multimode Spain
DMR,2,1021462,TÃ©cnico
DMR,2,1021463,TG de uso libre
DMR,2,1021464,TG de uso libre
DMR,2,1021466,TG de uso libre
DMR,2,1021467,TG de uso libre
DMR,2,1021468,Multimodo
DMR,2,1021469,TG de uso libre
DMR,2,1021470,TG de uso libre
DMR,2,1021471,TG de uso libre
DMR,2,1022201,Lazio
DMR,2,1022202,Sardegna
DMR,2,1022203,Umbria
DMR,2,1022211,Liguria
DMR,2,1022212,Piemonte
DMR,2,1022213,Valle dâ€™Aosta
DMR,2,1022221,Lombardia
DMR,2,1022231,Friuli Venezia Giulia
DMR,2,1022232,Trentino Alto Adige
DMR,2,1022233,Veneto
DMR,2,1022241,Emilia Romagna
DMR,2,1022251,Toscana
DMR,2,1022261,Abruzzo
DMR,2,1022262,Marche
DMR,2,1022271,Puglia
DMR,2,1022281,Basilicata
DMR,2,1022282,Calabria
DMR,2,1022283,Campania
DMR,2,1022284,Molise
DMR,2,1022287,IT CISAR
DMR,2,1022288,IT ARI
DMR,2,1022289,IT ERA
DMR,2,1022291,Sicilia
DMR,2,1022292,Dstar ITALY
DMR,2,1022298,Wires-X ITALY-NORD
DMR,2,1022299,WIRESX-Room-ITA
DMR,2,1022601,Diaspora YO
DMR,2,1022603,Gate to ROLINK
DMR,2,1022691,YO Start
DMR,2,1022801,UA 1
DMR,2,1022802,UA 2
DMR,2,1022803,UA 3
DMR,2,1022804,UA 4
DMR,2,1022810,HB9-BM-WIRESX
DMR,2,1022811,Vaud
DMR,2,1022812,GenÃ¨ve
DMR,2,1022813,Alpes Vaudoises
DMR,2,1022814,Alpes Valaisannes
DMR,2,1022815,NeuchÃ¢tel
DMR,2,1022817,Fribourg
DMR,2,1022860,Swiss-Italiana
DMR,2,1022877,Poschiavo
DMR,2,1023200,TAC 1 Austria
DMR,2,1023207,Suedtirol
DMR,2,1023225,P25 Austria
DMR,2,1023229,Vorarlberg Tech
DMR,2,1023299,TAC 2 Austria
DMR,2,1023490,East Anglia
DMR,2,1023500,S.West
DMR,2,1023510,S.East
DMR,2,1023515,Guernsey
DMR,2,1023516,Jersey
DMR,2,1023520,N.West
DMR,2,1023526,Hubnet UK
DMR,2,1023530,Yorkshire
DMR,2,1023531,RAYNET UK
DMR,2,1023540,Ireland Chat
DMR,2,1023550,Scotland Chat
DMR,2,1023557,Scotland East
DMR,2,1023558,Scotland Highland & Islands
DMR,2,1023559,Scotland West
DMR,2,1023560,North East
DMR,2,1023562,M62 Corridor
DMR,2,1023570,Wales Chat
DMR,2,1023575,SALOP Cluster
DMR,2,1023580,West Midland
DMR,2,1023590,East Midlands
DMR,2,1023812,WiresX CQ-DENMARK
DMR,2,1023824,BornHack
DMR,2,1023888,OZ0FT Link
DMR,2,1024020,Young Ladies SM
DMR,2,1024080,SM XIL
DMR,2,1024098,Robust Packet
DMR,2,1024201,Chatrom 1
DMR,2,1024202,Chatrom 2
DMR,2,1024203,Chatrom 3
DMR,2,1024204,Chatrom 4
DMR,2,1024400,AX OH0 QSY
DMR,2,1024409,AX OH0 SAR/FRT
DMR,2,1024410,FI OH1 QSY
DMR,2,1024420,FI OH2 QSY
DMR,2,1024421,FI OH2 PKS
DMR,2,1024422,FI OH2 L-U
DMR,2,1024423,FI OH2 I-U
DMR,2,1024430,FI OH3 QSY
DMR,2,1024431,FI OH3 Tre
DMR,2,1024432,FI OH3 Lahti
DMR,2,1024440,FI OH4 QSY
DMR,2,1024450,FI OH5 QSY
DMR,2,1024451,FI OH5 EKa
DMR,2,1024452,FI OH5 Kymi
DMR,2,1024460,FI OH6 QSY
DMR,2,1024461,FI OH6 K-S
DMR,2,1024462,FI OH6 Pjm
DMR,2,1024470,FI OH7 QSY
DMR,2,1024471,FI OH7 OSa
DMR,2,1024472,FI OH7 PKa
DMR,2,1024480,FI OH8 QSY
DMR,2,1024490,FI OH9 QSY
DMR,2,1024804,ES4 Narva Region
DMR,2,1024810,Estonia-RUS / ham-dmr.ee
DMR,2,1025011,Russian Tech
DMR,2,1025501,Kyiv city
DMR,2,1025502,Vinnyts`ka obl
DMR,2,1025503,Volyns`ka obl
DMR,2,1025504,Dnirpo obl
DMR,2,1025505,Donets`ka obl
DMR,2,1025506,Zhytomyrs`ka obl
DMR,2,1025507,Zakarpats`ka obl
DMR,2,1025508,Zaporiz`ka obl
DMR,2,1025509,Ivano frankivs`ka obl
DMR,2,1025510,Kyivs`ka obl
DMR,2,1025511,Crimea
DMR,2,1025512,Kropyvnyts`kyj obl
DMR,2,1025513,Lugans`ka obl
DMR,2,1025514,Lvivs`ka obl
DMR,2,1025515,Mykolaivs`ka obl
DMR,2,1025516,Odes`ka obl
DMR,2,1025517,Poltavs`ka obl
DMR,2,1025518,Rivnens`ka obl
DMR,2,1025519,Sums`ka obl
DMR,2,1025520,Ternopils`ka obl
DMR,2,1025521,Kharkivs`ka obl
DMR,2,1025522,Khersons`ka obl
DMR,2,1025523,Khmel`nyts`ka obl
DMR,2,1025524,Cherkas`ka obl
DMR,2,1025525,Chernigivs`ka obl
DMR,2,1025526,Chernivets`ka obl
DMR,2,1025527,Sevastopol
DMR,2,1025577,UA Azimuth
DMR,2,1025599,Emergency Zakarpattia
DMR,2,1025701,Belarus / Minsk
DMR,2,1025999,MD Tech Group
DMR,2,1026011,Szczecin GRYF
DMR,2,1026018,PAAROS Club
DMR,2,1026021,Trojmiasto
DMR,2,1026022,Trojmiasto C4FM
DMR,2,1026026,SPEC Pomorskie
DMR,2,1026040,Poland Tech
DMR,2,1026041,Warmia Mazury
DMR,2,1026042,Lomza
DMR,2,1026043,Podlasie
DMR,2,1026045,Podlasie EmComm
DMR,2,1026053,Mazovia
DMR,2,1026055,SP5KAB Club
DMR,2,1026056,SP5KAB Club
DMR,2,1026057,MASR
DMR,2,1026059,Kurpie
DMR,2,1026071,Lodz
DMR,2,1026073,Busko Zdroj
DMR,2,1026075,Kielce C4FM
DMR,2,1026076,Skarzysko Kamienna
DMR,2,1026078,Kutno
DMR,2,1026079,Sandomierz
DMR,2,1026091,BASR
DMR,2,1026093,KPGK
DMR,2,1026094,Krakow
DMR,2,1026095,Nowy Sacz
DMR,2,1026097,Bytom
DMR,2,1026200,TAC 1
DMR,2,1026207,Sachsen-Anhalt
DMR,2,1026209,Brandenburg
DMR,2,1026212,Berlin-City
DMR,2,1026217,Mecklenburg - Vorpommern
DMR,2,1026220,Grossraum Hamburg
DMR,2,1026221,Hamburg-City
DMR,2,1026222,Ostholstein-Nord
DMR,2,1026223,Chaoswelle
DMR,2,1026224,Elbe-Weser
DMR,2,1026225,AFU-Nord
DMR,2,1026226,DMR Netzverbund Nord
DMR,2,1026227,DMR Netzverbund Nord
DMR,2,1026228,Ostholstein-Sued
DMR,2,1026229,Suedholstein
DMR,2,1026231,NI Mitte
DMR,2,1026232,DreilÃ¤ndereck Mitte Deutschland
DMR,2,1026233,TAC 3
DMR,2,1026234,NI-Sued
DMR,2,1026235,NI Suedheide
DMR,2,1026236,NI-Nord
DMR,2,1026238,G38 - Wegberg
DMR,2,1026239,NI Ost
DMR,2,1026241,Rheinland
DMR,2,1026242,Muensterland
DMR,2,1026243,Ruhrgebiet
DMR,2,1026244,Separee D/ME
DMR,2,1026245,Rheinland-Sued
DMR,2,1026246,Niederrhein
DMR,2,1026247,DG Velbert
DMR,2,1026249,IGFS IG Funk Siebengebirge
DMR,2,1026250,Saarland
DMR,2,1026253,Westpfalz
DMR,2,1026255,Kaiserslautern
DMR,2,1026256,Eifel-Hunsrueck
DMR,2,1026257,Siegerland
DMR,2,1026260,Mittelhessen
DMR,2,1026261,Nordhessen
DMR,2,1026262,Rhein-Main-Neckar
DMR,2,1026263,Bergstrasse
DMR,2,1026264,Odenwald
DMR,2,1026265,Taunus
DMR,2,1026266,TAC 4
DMR,2,1026270,Stuttgart
DMR,2,1026271,Baden
DMR,2,1026272,Neckar-Odenwald
DMR,2,1026273,BW-Ostalb
DMR,2,1026274,BW-BÃ¶blingen
DMR,2,1026275,Schwarzwald-Nord
DMR,2,1026276,Neckar-Alb
DMR,2,1026277,Schwarzwald
DMR,2,1026278,BW Herrenberg
DMR,2,1026279,BW-Mittlerer-Neckar
DMR,2,1026280,Niederbayern
DMR,2,1026282,Schwaben
DMR,2,1026283,Region MÃ¼nchen
DMR,2,1026284,Region Franken
DMR,2,1026285,Oberbayern
DMR,2,1026286,Coburg-Rennsteig
DMR,2,1026287,AllgÃ¤u-Bodensee
DMR,2,1026288,Region Bayern Oberland
DMR,2,1026289,Oberpfalz
DMR,2,1026296,Weimar
DMR,2,1026297,Dresden
DMR,2,1026298,ThÃ¼ringen
DMR,2,1026299,TAC 2
DMR,2,1026301,Sachsen-Erzgebirge
DMR,2,1026302,Leipzig
DMR,2,1026322,OV D22 Soziale Medien
DMR,2,1026331,NI Ost
DMR,2,1026338,afu38
DMR,2,1026339,Magdeburg
DMR,2,1026345,Paderborn
DMR,2,1026346,Ostwestfalen-Lippe
DMR,2,1026347,IGA Rhein-Erft
DMR,2,1026348,Westmuensterland
DMR,2,1026349,Hochsauerland
DMR,2,1026355,Agfaa
DMR,2,1026370,Ulm / Donau
DMR,2,1026371,Schwarzwald-Baar-Heuberg
DMR,2,1026374,ARIG-MN
DMR,2,1026375,Bodensee-Oberschwaben
DMR,2,1026377,Ortenau
DMR,2,1026379,Hochrhein
DMR,2,1026384,Schrobenhausen
DMR,2,1026385,Jura
DMR,2,1026386,Suedostbayern
DMR,2,1026387,Cham
DMR,2,1026388,Region Bayern Chiemgau
DMR,2,1026390,Neumarkt
DMR,2,1026421,C4FM DL-Hamburg
DMR,2,1026429,DL-Nordwest
DMR,2,1026444,Inselfreunde
DMR,2,1026446,Multibridge OWL
DMR,2,1026447,OWL-Talk
DMR,2,1026861,CU1-Sta.Maria Isl.
DMR,2,1026862,CU2-S.Miguel Isl.
DMR,2,1026863,CU3-Terceira Isl.
DMR,2,1026864,CU4-Graciosa Isl.
DMR,2,1026865,CU5-S.Jorge Isl.
DMR,2,1026866,CU6-Pico Isl.
DMR,2,1026867,CU7-Faial Isl.
DMR,2,1026868,CU8-Flores Isl.
DMR,2,1026869,CU9-Corvo Isl.
DMR,2,1027051,LX ADRAD Test
DMR,2,1027062,XLX270 B
DMR,2,1027070,LX LARU On-Demand
DMR,2,1027071,LX LARU North
DMR,2,1027072,LX LARU Center
DMR,2,1027073,LX LARU South
DMR,2,1027079,LX LARU EMCOMM
DMR,2,1027230,AREN logistics
DMR,2,1027240,SIRN Gateway
DMR,2,1027247,XLX 925 D
DMR,2,1027248,XLX 925 C
DMR,2,1027250,Connacht
DMR,2,1027251,Leinster
DMR,2,1027252,Munster
DMR,2,1027253,Ulster
DMR,2,1027254,Southern Ireland Repeater Group
DMR,2,1027255,Galway Digital Radio Group
DMR,2,1027273,EMF Camp Hub
DMR,2,1027291,AREN Tactical 1
DMR,2,1028091,Youth 1
DMR,2,1028092,Youth 2
DMR,2,1028096,XLX146
DMR,2,1028097,WiresX Cyprus
DMR,2,1028430,LZ0PLD-R
DMR,2,1028600,Multimode Turkey
DMR,2,1028601,Turkey Adana
DMR,2,1028606,Turkey Ankara
DMR,2,1028609,Turkey Aydin
DMR,2,1028614,Turkey Bolu
DMR,2,1028616,Turkey Bursa
DMR,2,1028617,Turkey Canakkale
DMR,2,1028627,Turkey Gaziantep
DMR,2,1028633,Turkey Mersin
DMR,2,1028634,Turkey Istanbul
DMR,2,1028635,Turkey Izmir
DMR,2,1028641,Turkey Kocaeli
DMR,2,1028645,Turkey Manisa
DMR,2,1028646,Turkey K.Maras
DMR,2,1028677,Turkey Yalova
DMR,2,1029410,Bitola
DMR,2,1029411,Gevgelija
DMR,2,1029412,Kocani
DMR,2,1029413,Veles
DMR,2,1029414,Stip
DMR,2,1029415,Kavadarci
DMR,2,1029416,Debar
DMR,2,1029417,Resen
DMR,2,1029418,Negotino
DMR,2,1029419,Krusevo
DMR,2,1029420,Radovis
DMR,2,1029421,Berovo
DMR,2,1029422,Delcevo
DMR,2,1029423,Vinica
DMR,2,1029424,Kriva Palanka
DMR,2,1029425,Demir Hisar
DMR,2,1029495,Mavrovo National Park
DMR,2,1029496,Sport Weapons Hunting
DMR,2,1029497,Traffic NAV Borders
DMR,2,1029498,Multilanguage
DMR,2,1029499,TechZone
DMR,2,1030234,FlexRadio SIG
DMR,2,1030235,SWARC
DMR,2,1030271,Canada BC 1
DMR,2,1030272,Canada BC 2
DMR,2,1031000,Parrot (Group Call)
DMR,2,1031001,Net Talkgroup 1
DMR,2,1031002,Net Talkgroup 2
DMR,2,1031010,Alabama Link
DMR,2,1031011,Gulf Coast DMR
DMR,2,1031012,QuadNet
DMR,2,1031013,ALERT-K4NWS
DMR,2,1031014,HSV
DMR,2,1031015,Central Alabama
DMR,2,1031016,NW Alabama
DMR,2,1031017,Alabama East
DMR,2,1031019,Alabama TAC
DMR,2,1031021,AK Contesting
DMR,2,1031040,AZ EmComm
DMR,2,1031041,Arizona TAC
DMR,2,1031051,ARWX
DMR,2,1031055,NC Arkansas
DMR,2,1031058,NW Arkansas
DMR,2,1031060,PVARC
DMR,2,1031061,Cal 1
DMR,2,1031062,Mountain West
DMR,2,1031063,Mtn West 1
DMR,2,1031064,Santa Clara County
DMR,2,1031066,SoCal
DMR,2,1031067,SoCal 1
DMR,2,1031068,NorCal
DMR,2,1031069,NorCal 1
DMR,2,1031070,VCDRC
DMR,2,1031072,California TAC
DMR,2,1031073,SBARC
DMR,2,1031075,BayNet
DMR,2,1031076,CDM
DMR,2,1031077,PAPA Chat
DMR,2,1031078,PAPA Bridge
DMR,2,1031079,Alert Radio
DMR,2,1031080,Colorado Chat
DMR,2,1031082,Colorado-Link
DMR,2,1031083,CO Severe WX
DMR,2,1031084,NOCO Mountain FR
DMR,2,1031085,SkiCountryARC
DMR,2,1031086,Western Colorado
DMR,2,1031088,Colorado HD
DMR,2,1031089,Hytera USA
DMR,2,1031090,Connecticut TAC
DMR,2,1031092,Connecticut Chat
DMR,2,1031093,PVRA
DMR,2,1031094,CDRA
DMR,2,1031100,Delaware TAC
DMR,2,1031120,TAC- Florida
DMR,2,1031121,First Coast DMR
DMR,2,1031122,WC Florida
DMR,2,1031123,Treasure Coast
DMR,2,1031124,South-East-Florida
DMR,2,1031125,Disney
DMR,2,1031127,FL State ARES
DMR,2,1031128,NE FL ARES
DMR,2,1031130,Georgia ARES
DMR,2,1031131,Atlanta Metro
DMR,2,1031132,South Georgia
DMR,2,1031133,SETN NWGA
DMR,2,1031134,North Georgia
DMR,2,1031135,Central GA
DMR,2,1031136,Southwest GA
DMR,2,1031137,KingsLand Digital
DMR,2,1031139,Georgia Skywarn
DMR,2,1031150,Hawaii 2
DMR,2,1031151,Maui County
DMR,2,1031152,Honolulu County
DMR,2,1031153,Hawaii County
DMR,2,1031154,Kauai County
DMR,2,1031158,HMASN
DMR,2,1031159,Hawaii DEM
DMR,2,1031160,ARES Idaho
DMR,2,1031161,ARES ID N
DMR,2,1031162,ARES ID CENTRAL
DMR,2,1031164,ARES ID SE
DMR,2,1031165,ARES ID SW
DMR,2,1031166,TC ID ARES
DMR,2,1031167,Southeastern Idaho
DMR,2,1031170,Round Lake Area
DMR,2,1031171,Illinois Link
DMR,2,1031172,CHI-NET
DMR,2,1031173,N Ill EComm
DMR,2,1031174,ECntrl Ill WxOps
DMR,2,1031175,NA Astronomy
DMR,2,1031176,Chi Metro
DMR,2,1031177,East Central IL
DMR,2,1031178,WXCTAC
DMR,2,1031179,Woodford County IL ARES
DMR,2,1031180,Indiana TAC
DMR,2,1031181,Indiana Link
DMR,2,1031183,Indiana WX Ops
DMR,2,1031184,Parke-Vermillion CO
DMR,2,1031188,SIN
DMR,2,1031189,Crossroads Statewide
DMR,2,1031190,Iowa Chat
DMR,2,1031191,IA DSM 1
DMR,2,1031193,IA NW 3
DMR,2,1031194,IA SW 4
DMR,2,1031195,IA SE 5
DMR,2,1031196,IA CID 6
DMR,2,1031197,WCARES
DMR,2,1031198,NWS DVN
DMR,2,1031199,NWS DMX/SEOC
DMR,2,1031200,Ks Sw ARES
DMR,2,1031201,BYRG
DMR,2,1031202,BYRG Spotting
DMR,2,1031203,KansasLink
DMR,2,1031204,Central Kansas
DMR,2,1031205,KC Skywarn
DMR,2,1031206,Cen Ks Skywarn
DMR,2,1031208,WY CO RACES
DMR,2,1031209,WY CO CERT
DMR,2,1031211,KY ARES Statewide
DMR,2,1031212,NE KY WX Spotters
DMR,2,1031213,East Kentucky
DMR,2,1031214,Kentucky TAC
DMR,2,1031220,Louisiana Chat
DMR,2,1031222,LA AUXCOMM
DMR,2,1031225,Southeast Louisiana
DMR,2,1031226,Gulf Coast Link System
DMR,2,1031229,ArkLaTex
DMR,2,1031240,RC CGR DST
DMR,2,1031242,MD TAC
DMR,2,1031250,Massachusetts TAC
DMR,2,1031251,Metro Boston
DMR,2,1031252,Berkshire County
DMR,2,1031254,XRF054 C
DMR,2,1031255,HCRA
DMR,2,1031257,NEARC
DMR,2,1031260,Michigan WX ARES EmComm
DMR,2,1031261,Mi5-STATEWIDE1
DMR,2,1031262,Mi5-STATEWIDE2
DMR,2,1031263,Mi5-EVENT1
DMR,2,1031265,Mi5-EVENT3
DMR,2,1031267,West Michigan
DMR,2,1031268,UP of Michigan
DMR,2,1031269,WMTG
DMR,2,1031270,Minnesota TAC
DMR,2,1031271,CMNDMR
DMR,2,1031272,Minn Metro
DMR,2,1031273,Northstar DMR
DMR,2,1031274,AARG
DMR,2,1031275,Southern MN
DMR,2,1031280,Mississippi TAC
DMR,2,1031281,XRF813 A
DMR,2,1031285,NorthEast MS
DMR,2,1031290,Missouri ARES
DMR,2,1031291,SWMO
DMR,2,1031292,STL Metro
DMR,2,1031293,Branson Area
DMR,2,1031294,NW Missouri
DMR,2,1031295,SE Missouri
DMR,2,1031296,Central Missouri
DMR,2,1031297,SW MO SkyWarn
DMR,2,1031298,KCN ARES
DMR,2,1031299,CASS County ARES
DMR,2,1031300,Montana Chat
DMR,2,1031301,MPRG
DMR,2,1031302,MPRG 2
DMR,2,1031303,BGV
DMR,2,1031304,NW7RG-USA
DMR,2,1031305,Bitterroot Valley
DMR,2,1031310,Nebraska EmComm
DMR,2,1031311,Nebraska_Hub
DMR,2,1031319,Nebraska Chat
DMR,2,1031320,NV TAC
DMR,2,1031321,NV 1
DMR,2,1031322,NV ARES
DMR,2,1031323,ENARS
DMR,2,1031324,NV4
DMR,2,1031325,HXO
DMR,2,1031326,Burning Man
DMR,2,1031327,Las Vegas
DMR,2,1031328,SNARS (Reno/Tahoe)
DMR,2,1031329,SNARS 2
DMR,2,1031330,EmComm
DMR,2,1031340,CNJHAM
DMR,2,1031341,South Jersey
DMR,2,1031342,North Jersey
DMR,2,1031343,New Jersey TAC
DMR,2,1031349,N2MO OMARC
DMR,2,1031350,NM Chat / TAC
DMR,2,1031360,NY-NJ-PA TriState
DMR,2,1031361,Upstate NY
DMR,2,1031362,NY-Metro
DMR,2,1031363,ADK
DMR,2,1031364,Lower Hudson Valley
DMR,2,1031365,K2MAK
DMR,2,1031366,NY METRO ARES
DMR,2,1031367,Southern Tier NY
DMR,2,1031368,Mid-Hudson Valley
DMR,2,1031369,Monroe County
DMR,2,1031370,NC TAC
DMR,2,1031371,Triangle NC
DMR,2,1031373,Eastern NC
DMR,2,1031374,Carolina Link
DMR,2,1031375,The Hornet's Nest
DMR,2,1031376,WNC TacComm
DMR,2,1031377,Outer Banks
DMR,2,1031378,NC Weather
DMR,2,1031390,Ohio TAC
DMR,2,1031391,NorthEast Ohio
DMR,2,1031392,Central OH WX
DMR,2,1031393,SouthEast Ohio
DMR,2,1031394,SW Ohio
DMR,2,1031395,ARES
DMR,2,1031396,W8SDR DMR
DMR,2,1031398,EMCOMM
DMR,2,1031399,Ohio-Link-YSF
DMR,2,1031400,OK TAC
DMR,2,1031401,OK Central
DMR,2,1031402,OK East
DMR,2,1031403,YSF Oklahoma Link
DMR,2,1031404,SE OK EM TAC
DMR,2,1031408,Oklahoma WX
DMR,2,1031410,Oregon TAC
DMR,2,1031411,Central Oregon
DMR,2,1031412,Western Oregon
DMR,2,1031419,RepeaterBook
DMR,2,1031420,PEMA EmComm RACES
DMR,2,1031421,PA Tac (Inside State Communications)
DMR,2,1031422,Western PA
DMR,2,1031423,North-Central PA
DMR,2,1031424,North East PA
DMR,2,1031425,PA Cross-mode
DMR,2,1031427,Tri-County
DMR,2,1031428,RF-IT
DMR,2,1031429,Zednet
DMR,2,1031441,Rhode Island Chat
DMR,2,1031444,Rhode Island Digital Link
DMR,2,1031445,Quahog Repeater Network
DMR,2,1031450,SC ARES
DMR,2,1031451,SC TAC
DMR,2,1031456,Low Country
DMR,2,1031457,Upstate
DMR,2,1031458,Midlands
DMR,2,1031459,Pee Dee SC
DMR,2,1031460,SD ARES
DMR,2,1031466,SD Digital Hub
DMR,2,1031471,NWS Memphis
DMR,2,1031472,TN Skywarn MTEARS
DMR,2,1031473,Knox-Metro area
DMR,2,1031474,Fusion-Link
DMR,2,1031475,Tennessee TAC
DMR,2,1031478,TEMA
DMR,2,1031480,TX Chat
DMR,2,1031481,North Texas
DMR,2,1031482,South Texas
DMR,2,1031483,West Texas
DMR,2,1031484,SouthEast Texas
DMR,2,1031487,TX ARES EmComm
DMR,2,1031488,Central Texas
DMR,2,1031489,Texas TAC
DMR,2,1031490,76ers
DMR,2,1031491,Northern Utah
DMR,2,1031492,Davis Utah
DMR,2,1031493,Northeast Utah
DMR,2,1031499,Utah TAC
DMR,2,1031500,Vermont TAC
DMR,2,1031510,VA TAC
DMR,2,1031511,Richmond Metro
DMR,2,1031512,ARES Emcomm
DMR,2,1031513,Southwest Virginia
DMR,2,1031514,Shenandoah Valley
DMR,2,1031515,Tidewater VA
DMR,2,1031516,VA PENINSULA
DMR,2,1031530,PNW-West
DMR,2,1031531,Olympic Peninsula
DMR,2,1031538,Washington State ARES
DMR,2,1031539,Washington State ARES TAC
DMR,2,1031540,West Virginia TAC
DMR,2,1031550,Wisconsin TAC
DMR,2,1031551,WI--Fusion
DMR,2,1031555,WI-DMR
DMR,2,1031556,WI Ares/Emcomm
DMR,2,1031560,SE Wyoming chat
DMR,2,1031561,Wyoming Tac
DMR,2,1031563,Wyoming Severe WX
DMR,2,1031564,SW Wyoming
DMR,2,1031565,NW Wyoming
DMR,2,1031566,NE Wyoming
DMR,2,1031567,Central Wyoming
DMR,2,1031600,USA - Area 0
DMR,2,1031601,USA - Area 1
DMR,2,1031602,USA - Area 2
DMR,2,1031603,USA - Area 3
DMR,2,1031604,USA - Area 4
DMR,2,1031605,USA - Area 5
DMR,2,1031606,USA - Area 6
DMR,2,1031607,USA - Area 7
DMR,2,1031608,USA - Area 8
DMR,2,1031609,USA - Area 9
DMR,2,1031620,Kings of Digital
DMR,2,1031621,HRCC
DMR,2,1031622,South East FL
DMR,2,1031623,Public Safety Chat
DMR,2,1031629,SwiNe
DMR,2,1031631,Chicago Star
DMR,2,1031648,Billy Bob's Amateur Radio Klub
DMR,2,1031652,RVing Hams
DMR,2,1031653,KC2RC WIRESX
DMR,2,1031654,4SQRP
DMR,2,1031655,Venture Overland
DMR,2,1031656,America-Link
DMR,2,1031660,Ocean County NJ
DMR,2,1031661,OMIK
DMR,2,1031662,LIMARC
DMR,2,1031663,Truck-N-Travel
DMR,2,1031664,Nature Coast
DMR,2,1031665,DMR Campfire
DMR,2,1031666,DMR of Anarchy
DMR,2,1031667,Old Friends
DMR,2,1031668,Sta-Mar
DMR,2,1031670,Florida Gulf Coast
DMR,2,1031671,Youth ARC
DMR,2,1031672,PI-Star Chat
DMR,2,1031673,R5AUXCOMM
DMR,2,1031674,Maritime Radio Historical Society
DMR,2,1031675,REF020A Bridge
DMR,2,1031676,Allstar 46031/Wires-X
DMR,2,1031677,OEI Repeater Group
DMR,2,1031678,Catawba Valley DMR
DMR,2,1031679,BlindHamsgroup.io
DMR,2,1031681,Search and Rescue USA
DMR,2,1031682,Search and Rescue TAC1
DMR,2,1031683,C.A.R.E.S.
DMR,2,1031684,San Francisco Bay Area
DMR,2,1031685,Skywarn Licking County Oh
DMR,2,1031686,Metropolitan Amateur Repeater System
DMR,2,1031688,Ham Shack Hotline
DMR,2,1031689,FDMRCCU
DMR,2,1031694,Maritime Radio Historical Society 2
DMR,2,1031697,Russian Americans
DMR,2,1031699,Greek Americans
DMR,2,1031700,CRRG DMR
DMR,2,1031707,Sonoma County
DMR,2,1031771,PNWR
DMR,2,1031774,Weather Watching
DMR,2,1031775,PINOYHAMS
DMR,2,1031777,DX-LINK SYSTEM
DMR,2,1031801,The Gathering Spot
DMR,2,1031820,K2DMR
DMR,2,1031821,Jefferson State
DMR,2,1031900,900 Mhz Repeaters
DMR,2,1031933,Rizal Latitude
DMR,2,1031990,Handi-Hams
DMR,2,1033010,Distrito Ponce
DMR,2,1033011,Distrito San Juan
DMR,2,1033016,Alpha & Omega Tech Group
DMR,2,1033017,PRnet
DMR,2,1033020,Western PR English
DMR,2,1033033,KP3AV Systems
DMR,2,1033057,Puerto Rico D-ZONE
DMR,2,1037022,RDNet
DMR,2,1037030,Skynet NO BRIDGING!!!
DMR,2,1037040,DMR DOMINICAN REPUBLIC
DMR,2,1040407,Kerala
DMR,2,1040430,New Delhi
DMR,2,1040480,Bangalore
DMR,2,1042201,Muscat
DMR,2,1044155,shounanYSF
DMR,2,1046001,National Multi mode
DMR,2,1046007,China 7 åŒº
DMR,2,1046600,Taiwan å…¨
DMR,2,1046609,HAMTalk Club
DMR,2,1046610,Taiwan CTARL
DMR,2,1050210,MY Wires-X YSF Bridge
DMR,2,1050297,JOTA Malaysia
DMR,2,1050298,JOTA Malaysia
DMR,2,1050501,XLX389A
DMR,2,1050503,XLX389C
DMR,2,1050510,XLX510 D
DMR,2,1050521,IARS Chat
DMR,2,1050525,P25 50525 Bridge
DMR,2,1050526,CCARC
DMR,2,1050531,VK3 Chat 1
DMR,2,1050533,S.P.A.R.C
DMR,2,1050539,NEX-GEN
DMR,2,1050566,WICEN
DMR,2,1050590,VK2HK-2-ROOM Wires-X
DMR,2,1050591,VK2GP-ND wires-x
DMR,2,1050592,VK3KAY-ROOM wires-x
DMR,2,1050593,XRF740 C
DMR,2,1050594,VK2RFG-ROOM
DMR,2,1051518,DX1ARM
DMR,2,1051525,SCAN I
DMR,2,1051546,SCAN I
DMR,2,1051569,BADMG
DMR,2,1052001,NBTC (HS0AB)
DMR,2,1052002,RAST (HS0AC)
DMR,2,1052008,DTDXA
DMR,2,1052009,Thailand Emergency
DMR,2,1053020,XLX626A
DMR,2,1053021,IFROAR
DMR,2,1053029,XLX299X
DMR,2,1053050,XLX751
DMR,2,1053060,Taupo ARC NZART
DMR,2,1053099,XLX750
DMR,2,1070403,Guatemala Evento Especial
DMR,2,1070404,Guatemala Area 4
DMR,2,1070405,Guatemala Area 5
DMR,2,1070406,Guatemala Area 6
DMR,2,1070407,Guatemala Area 7
DMR,2,1070408,Guatemala Area 8
DMR,2,1070409,Guatemala Area 9
DMR,2,1071200,CRLinkHub
DMR,2,1073090,CE3SER Coordination
DMR,2,1073099,Chile Link
DMR,2,1073203,Colombia Digi-Link
DMR,2,1073257,Colombia-Links
DMR,2,1074801,Montevideo
DMR,2,1074802,Montevideo
DMR,2,1074803,Artigas
DMR,2,1074804,Canelones
DMR,2,1074805,Cerro Largo
DMR,2,1074806,Colonia
DMR,2,1074807,Durazno
DMR,2,1074808,Flores
DMR,2,1074809,Florida
DMR,2,1074810,Lavalleja
DMR,2,1074811,Maldonado
DMR,2,1074812,PaysandÃº
DMR,2,1074813,R Negro
DMR,2,1074814,Rivera
DMR,2,1074815,Rocha
DMR,2,1074816,Salto
DMR,2,1074817,San JosÃ©
DMR,2,1074818,Soriano
DMR,2,1074819,Tacuaremb'
DMR,2,1074820,Treinta y Tres
DMR,2,1074830,CX TAC 1
DMR,2,1074840,CX TAC 2
DMR,2,1091665,Marines RNLMC
DMR,2,1095150,Global NorCal 5150
DMR,2,1097911,Red AmÃ©ricas EMCOM
DMR,2,1098001,WWARG
DMR,2,1098002,HamFurs
DMR,2,1098003,Reddit
DMR,2,1098004,W8IRC IRC Chat
DMR,2,1098005,SBE
DMR,2,1098006,AMSAT
DMR,2,1098007,IECRO
DMR,2,1098008,Military Veterans
DMR,2,1098009,World Events
DMR,2,1098010,DX Explorers
DMR,2,1098011,FT8DMC
DMR,2,1098012,LBGTQ
DMR,2,1098013,Sked TG Europe
DMR,2,1098014,RV-ers World Wide
DMR,2,1098229,Sicily FREE
DMR,2,1098638,WVNET
DMR,2,1098977,OpenGD77
DMR,2,1204907,JOTA NL CQ
DMR,2,1204911,EmComm NL
DMR,2,1208003,RPT Fontenay JN18kq
DMR,2,1208647,Reunion Island
DMR,2,1208963,RPT Capelle L.G. JO11ea
DMR,2,1214012,Galicia
DMR,2,1214112,Emergencias
DMR,2,1222001,TAC1-ITA
DMR,2,1222002,TAC2-ITA
DMR,2,1222003,TAC3-ITA
DMR,2,1222004,TAC4-ITA
DMR,2,1222005,TAC5-ITA
DMR,2,1222006,TAC6-ITA
DMR,2,1222007,TAC7-ITA
DMR,2,1222008,TAC8-ITA
DMR,2,1222009,TAC9-ITA
DMR,2,1222010,TAC10-ITA
DMR,2,1222030,Cluster Brescia
DMR,2,1222112,Emergenza-112
DMR,2,1222907,JOTA IT
DMR,2,1222990,Special Activation
DMR,2,1226112,YO EMCOMM 112
DMR,2,1226123,YO QSO PARTY
DMR,2,1226777,CafeGratis Arges
DMR,2,1228111,Room Verbier
DMR,2,1235907,JOTA UK
DMR,2,1240240,DCS010B
DMR,2,1240888,SM Openspot
DMR,2,1240907,JOTA SE
DMR,2,1250011,Russia / Ukhta
DMR,2,1250014,Russia / Khabarovsk
DMR,2,1250021,Russia / Cheboksary
DMR,2,1250024,Russia / Krasnoyarsk Region
DMR,2,1250029,Russia / Arkhangelsk region
DMR,2,1250030,Russia / Astrakhan'
DMR,2,1250043,Russia / Kirov
DMR,2,1250051,Russia / Murmansk region
DMR,2,1250052,Russia / Nizhniy Novgorod
DMR,2,1250071,Russia / Tula
DMR,2,1250111,Russia / SmokingRoom
DMR,2,1250112,Radio Amateur Rescue Service
DMR,2,1250116,Russia / Kazan
DMR,2,1250163,Russia / Samara
DMR,2,1250212,Russia / Joshkar-Ola (Mari El)
DMR,2,1250246,Russia / Ramenskoe
DMR,2,1250250,Motorola users RF
DMR,2,1250351,Russia / Chelyabinsk
DMR,2,1250500,Russia / Rostov-on-Don
DMR,2,1250600,Russia / Ivanovo
DMR,2,1250601,Russia / Tarko-Sale / RT9K
DMR,2,1250602,Russia / Tarko-Sale / RT9K / Emergency
DMR,2,1250603,Russia / Moscow / UA3AAT
DMR,2,1250604,Russia / Moscow / ICS
DMR,2,1250605,Russia / Ekaterinburg (1)
DMR,2,1250606,Russia / Chekhov
DMR,2,1250607,Russia / Verkhnaya Pyshma
DMR,2,1250608,Russia / Sochi
DMR,2,1250609,Russia / Syktyvkar
DMR,2,1250610,Russia / Vladivostok
DMR,2,1250611,Russia / Moscow / RD3ANL
DMR,2,1250612,Russia / Omsk
DMR,2,1250614,Russia / Domodedovo
DMR,2,1250615,Russia / Podolsk
DMR,2,1250616,Russia / Rostov Region
DMR,2,1250617,Russia / Caucasus
DMR,2,1250618,Russia / Moscow / R2AZW
DMR,2,1250619,Russia / Volgodonsk
DMR,2,1250620,Russia / Moscow / R2AJV
DMR,2,1250621,Russia / Moscow
DMR,2,1250622,Russia / Krasnoyarsk (1)
DMR,2,1250624,Russia / Mozhaysk
DMR,2,1250625,Russia / Krasnogorsk
DMR,2,1250626,Russia / Narofominsk
DMR,2,1250627,Russia / Krasnodar
DMR,2,1250628,Russia / Egorievsk
DMR,2,1250629,Russia / Orel
DMR,2,1250630,Russia / Sergiev Posad
DMR,2,1250631,Russia / Uglich
DMR,2,1250632,Russia / Syberia and Far East
DMR,2,1250633,Russia / Ufa
DMR,2,1250634,Russia / Kurganinsk
DMR,2,1250635,Russia / Irkutsk Chita
DMR,2,1250636,Russia / Sarov
DMR,2,1250637,Russia / Tver
DMR,2,1250638,Russia / Crimea
DMR,2,1250639,Russia / Far East
DMR,2,1250640,Russia / Maikop
DMR,2,1250641,RuDiVo (Russia)
DMR,2,1250642,Russia / Snezhinsk
DMR,2,1250643,Russia / Yaroslavl region
DMR,2,1250644,Russia / Novosibirsk
DMR,2,1250645,Russia / Mytischi
DMR,2,1250646,Russia / Veliky Novgorod
DMR,2,1250647,Russia / DMR Technical Group
DMR,2,1250648,Russia / Belgorod
DMR,2,1250649,Russia / Shakhty
DMR,2,1250650,Russia / Voronezh
DMR,2,1250651,Russia / Tyumen
DMR,2,1250652,Russia / Ulan-ude
DMR,2,1250653,Russia / Stupino
DMR,2,1250654,Russia / Shatura
DMR,2,1250655,Russia / Obninsk
DMR,2,1250656,Russia / Altai region
DMR,2,1250657,Russia / Balabanovo
DMR,2,1250658,Russia / Izhevsk
DMR,2,1250659,Russia / Ryazan
DMR,2,1250660,Russia / local R2AWN
DMR,2,1250661,Russia / Liza Alert Resque Team
DMR,2,1250663,Russia / Zelenograd (Moscow)
DMR,2,1250707,Russia / Sevastopol
DMR,2,1250775,Russia / Kaliningrad-2
DMR,2,1250777,Russia / Kaliningrad
DMR,2,1250812,Russia / Saint Petersburg
DMR,2,1250813,Russia / SPBR7
DMR,2,1250888,Russia / Shumerlya
DMR,2,1250907,JOTA RU
DMR,2,1260014,Poland Tech
DMR,2,1260015,SP EmCom
DMR,2,1260019,Homebrew testing
DMR,2,1260041,DstarLinkXLX132G
DMR,2,1260042,WiresX Link
DMR,2,1260112,Szczecin
DMR,2,1260460,Elblag
DMR,2,1260947,Scout Radio
DMR,2,1262339,Hannover-XLink
DMR,2,1262810,Pegasus-Projekt
DMR,2,1262826,DM0QN
DMR,2,1262841,Region Ingolstadt
DMR,2,1262872,Amberg
DMR,2,1263112,HiOrg-Talk EmComm
DMR,2,1263113,(Un)Wetter Netz
DMR,2,1263301,Bahnfreunde
DMR,2,1263333,Twitterrunde
DMR,2,1263815,Funkerportal
DMR,2,1263907,JOTA DL
DMR,2,1264555,IG HamSpirit
DMR,2,1268112,EmComm PT
DMR,2,1268117,Emergencia 117
DMR,2,1268901,Oporto group
DMR,2,1268902,R. A. T. A.
DMR,2,1268903,ARAT Club
DMR,2,1268907,JOTA PT
DMR,2,1268911,PT Hotspot(1)
DMR,2,1268912,PT DSTAR<>DMR
DMR,2,1268913,PT DMR<>Fusion
DMR,2,1268914,PT DMR<>CS5LART
DMR,2,1268915,PT Hotspot(2)
DMR,2,1268916,YSF BR
DMR,2,1268945,YSF Bridge Brazil
DMR,2,1272907,JOTA IRL
DMR,2,1283001,Armenia Global
DMR,2,1284112,EmComm BG
DMR,2,1284359,XLX359B
DMR,2,1286112,AFET ACIL DURUM
DMR,2,1310799,WNYFLDMR
DMR,2,1310877,FVMKC/W3ZIC
DMR,2,1310997,Parrot
DMR,2,1311037,BRARA SE-FL
DMR,2,1311416,SACValley
DMR,2,1311433,BAYAREA-DMR
DMR,2,1311573,Flower City
DMR,2,1311584,SCPA Chat
DMR,2,1311662,UORRT
DMR,2,1311898,Genesee Valley
DMR,2,1311899,Central IL SKYWARN
DMR,2,1311953,VARG
DMR,2,1311995,SWLA-Link
DMR,2,1312186,SCARC
DMR,2,1312556,Calnet
DMR,2,1313444,Elizabeth  Schools
DMR,2,1330013,IslaComm DMR Rpts
DMR,2,1330911,Emergencia
DMR,2,1334911,EMCOMM Mexico
DMR,2,1460666,CHINA SUIZHOU AR
DMR,2,1505999,XLX626B&NZXLXYSF
DMR,2,1530999,XLX626A&YSF
DMR,2,1647647,Reunion Island
DMR,2,1714911,EMERGENCIA PMA
DMR,2,1724942,XLX-YSF 724
DMR,2,1724943,XRF724 C
DMR,2,1724949,Wires-X BR
DMR,2,1724952,YSF 722
DMR,2,1730911,EMCOMM Chile
DMR,2,1732911,HK EMMCOMM
DMR,2,1734911,EMCOMM RNE Venezuela
,,,
DMR,2,2000091,Worldwide – YSF 00091
DMR,2,2000907,XLX005 J – JOTA JOTI YOTA - YSF 00907 Website
DMR,2,2000971,JOTA JOTI YOTA TG's Website
DMR,2,2000972,JOTA JOTI YOTA TG's Website
DMR,2,2000973,JOTA JOTI YOTA TG's Website
DMR,2,2000974,JOTA JOTI YOTA TG's Website
DMR,2,2000975,JOTA JOTI YOTA TG's Website
DMR,2,2000976,JOTA JOTI YOTA TG's Website
DMR,2,2000977,JOTA JOTI YOTA TG's Website
DMR,2,2000978,JOTA JOTI YOTA TG's Website
DMR,2,2000910,German Language
DMR,2,2000913,English Language
DMR,2,2000914,Spanish Language
DMR,2,2000915,Portuguese Language
DMR,2,2000916,Italian Language
DMR,2,2000919,Polish Language
DMR,2,2000922,Dutch Language
DMR,2,2000924,Swedish Language
DMR,2,2000927,Nordic Language
DMR,2,2000928,Russian Language
DMR,2,2000937,French Language FRANCOPHONIE
DMR,2,2000940,Arabic Language
DMR,2,2000941,Mandarin Language
DMR,2,2000942,Hindi Language
DMR,2,2000943,Bengali Language
DMR,2,2000944,Japanese Language
DMR,2,2000945,Indonesian Language
DMR,2,2000950,Firefighters of the world
DMR,2,2009541,RadHisTec
DMR,2,2000973,SOTA
DMR,2,,
DMR,2,2000202,National Greece <->YSF GR GREECE DV
DMR,2,2002021,Area 1 National - Central Greece
DMR,2,2002022,Area 2 National - Central & West Macedonia
DMR,2,2002023,Area 3 National – Peloponnese
DMR,2,2002024,Area 4 National – Thessaly
DMR,2,2002025,Area 5 National - Dodecanese Islands
DMR,2,2002026,Area 6 National - Epirus
DMR,2,2002027,Area 7 National - Thrace and East Macedonia
DMR,2,2002028,Area 8 National - All Greek islands
DMR,2,,(except the Dodecanese Islands and Crete Island)
DMR,2,2002029,Area 9 <->YSF GR CRETE DV
DMR,2,2020201,Hellenic Tech 1
DMR,2,2020202,DMR+ National Greece
DMR,2,2020231,PATRAS Group
DMR,2,2020241,Trikala Greece
DMR,2,2020261,Ioannina Greece
DMR,2,2020281,Corfu island <->YSF GR KERKYRA DV
DMR,2,,
DMR,2,2000204,Nederlands-National
DMR,2,2020400,Nederlands-Gateway
DMR,2,2020401,Nederlands-Drenthe
DMR,2,2020402,Nederlands-Flevoland
DMR,2,2020403,Nederlands-Friesland
DMR,2,2020404,Nederlands-Gelderland
DMR,2,2020405,Nederlands-Groningen
DMR,2,2020406,Nederlands-Limburg
DMR,2,2020407,Nederlands-Noord Brabant
DMR,2,2020408,Nederlands-Noord Holland
DMR,2,2020409,Nederlands-Overijssel
DMR,2,2020410,Nederlands-Zuid Holland
DMR,2,2020411,Nederlands-Utrecht
DMR,2,2204112,Nederlands-Emergency
DMR,2,,
DMR,2,2000206,Belgium-National
DMR,2,2002061,Belgium-North
DMR,2,2002062,Belgium-South
DMR,2,2002063,Belgium-East
DMR,2,2002064,Belgium-On Demand
DMR,2,2002065,Belgium-On Demand
DMR,2,2002066,Belgium-On Demand
DMR,2,2002067,Belgium-On Demand
DMR,2,2002068,Belgium-On Demand
DMR,2,2002069,Belgium-On Demand
DMR,2,2020600,Belgium-Liege
DMR,2,2020601,Belgium-Namur
DMR,2,2020602,Belgium-Luxembourg
DMR,2,2020603,Belgium-Hainaut
DMR,2,2020604,Belgium-Brussels
DMR,2,2020605,Belgium-Brabant Wallon
DMR,2,2020606,Belgium-Vlaams Brabant
DMR,2,2020607,Belgium-Limburg
DMR,2,2020608,Belgium-Antwerpen
DMR,2,2020609,Belgium-O.Vlanderen
DMR,2,2020610,Belgium-W.Vlanderen
DMR,2,2206112,Belgium-Emergency
DMR,2,,
DMR,2,2000208,France DMR+
DMR,2,2002081,France IDF
DMR,2,2002082,France Sud-Est
DMR,2,2002083,France
DMR,2,2002084,France Est
DMR,2,2002085,France
DMR,2,2002086,France
DMR,2,2002087,France
DMR,2,2002088,France
DMR,2,2002089,Dom Tom
DMR,2,2020800,YSF-France 58617
DMR,2,2020811,Corse DMR+
DMR,2,2020820,Corse / XLX255 K
DMR,2,2020833,Gironde
DMR,2,2020844,Loire-Atlanique
DMR,2,2020853,Mayenne
DMR,2,2020857,Moselle
DMR,2,2020866,Pyreness-Onrientales
DMR,2,2020867,Bas-Rhin
DMR,2,2020871,Saone-et-Loire
DMR,2,2020878,Yvelines
DMR,2,2020887,Linousin
DMR,2,2020895,Val d''Oise'
DMR,2,2208000,YSF France-Wide 64879
DMR,2,,
DMR,2,2000214,National (P)
DMR,2,2002141,ZONE 1 EA
DMR,2,2002142,ZONE 2 EA
DMR,2,2002143,ZONE 3 EA
DMR,2,2002144,ZONE 4 EA
DMR,2,2002145,ZONE 5 EA
DMR,2,2002146,ZONE 6 EA
DMR,2,2002147,ZONE 7 EA
DMR,2,2002148,ZONE 8 EA
DMR,2,2002149,ZONE 9 EA
DMR,2,2021411,URE SEC.COMARCAL S.FERNANDO CADIZ
DMR,2,2021460,CERT-SPAIN
DMR,2,2021461,Multiprotocol DMR / NXDN / FUSION / DSTAR / P25
DMR,2,2214091,ARSA-CNP
DMR,2,2214112,EMERGENCY
DMR,2,,
DMR,2,2000222,Italy
DMR,2,2022201,Lazio
DMR,2,2022202,Sardegna
DMR,2,2022203,Umbria
DMR,2,2022211,Liguria
DMR,2,2022212,Piemonte
DMR,2,2022213,Valle D'Aosta
DMR,2,2022221,Lombardia
DMR,2,2022231,Friuli Venezia Giulia
DMR,2,2022232,Trentino-Alto Adige
DMR,2,2022233,Veneto
DMR,2,2022241,Emilia Romagna
DMR,2,2022251,Toscana
DMR,2,2022261,Abruzzo
DMR,2,2022261,Marche
DMR,2,2022271,Puglia
DMR,2,2022281,Basilicata
DMR,2,2022282,Calabria
DMR,2,2022283,Campania
DMR,2,2022284,Molise
DMR,2,2022291,Sicilia
DMR,2,2022215,All Bridge MP
DMR,2,2022216,AllstarLink IT
DMR,2,2022217,Local TGs
DMR,2,2022218,Local TGs
DMR,2,2022219,Local TGs
DMR,2,2022220,Conference ItalyNet
DMR,2,2222958,Cluster RAD
DMR,2,2222995,Multi Bridge
DMR,2,2222994,Echolink Sicily Conference
DMR,2,,
DMR,2,2000226,Romania National
DMR,2,2002260,Romania Chatter
DMR,2,2002262,Romania District YO2
DMR,2,2002263,Romania District YO3
DMR,2,2002264,Romania District YO4
DMR,2,2002265,Romania District YO5
DMR,2,2002266,Romania District YO6
DMR,2,2002267,Romania District YO7
DMR,2,2002268,Romania District YO8
DMR,2,2002269,Romania District YO9
DMR,2,2022601,Romania D-Star YO
DMR,2,2022602,Romania SVXLink Bridge
DMR,2,2022603,Romania RoLink Bridge
DMR,2,2022604,Romania SvxNet Bridge
DMR,2,2022605,Romania Maramures County
DMR,2,2226999,Romania Parrot
DMR,2,,
DMR,2,2000228,Svizzera nazionale
DMR,2,2022801,UA 1
DMR,2,2022802,UA 2
DMR,2,2022803,UA 3
DMR,2,2022804,UA 4
DMR,2,2022810,HB9-BM-WIRESX (Node 27628)
DMR,2,2022822,XLX229 modulo D
DMR,2,2022823,XLX229 modulo G
DMR,2,2022824,XLX328 modulo A - AllStar 538451
DMR,2,2022825,XLX328 F – YSF 47247 – WIRESX 44156
DMR,2,2022826,WIRESX HB9T (Node 47052)
DMR,2,2002280,Svizzera tedesca
DMR,2,2002281,Suisse Romande
DMR,2,2002282,Valais
DMR,2,2002283,Berna / Soletta
DMR,2,2002284,Basilea
DMR,2,2002285,Argovia / Svizzera centrale
DMR,2,2002286,Ticino
DMR,2,2002287,Grigioni
DMR,2,2002288,Zurich
DMR,2,2002289,Svizzera orientale
DMR,2,2022811,WIRESX HB9VD-ROOM (Node 27095)
DMR,2,2022812,Geneve
DMR,2,2022815,Neuchatel
DMR,2,2022817,Friburg
DMR,2,2022877,Poschiavo
DMR,2,,
DMR,2,2023402,UK / XLX005 B
DMR,2,2023407,DV-Mega / XLX005 G
DMR,2,2023408,Worcestershire / XLX005 H
DMR,2,2023409,N. Ireland / XLX005 I
DMR,2,2023412,London / XLX005 L
DMR,2,2023413,Midlands / XLX005 M
DMR,2,2023414,North / XLX005 N
DMR,2,2023415,Chat 1 / XLX005 O
DMR,2,2023416,Chat 2 / XLX005 P
DMR,2,2023417,Chat 3 / XLX005 Q
DMR,2,2023423,Wales & West / XLX005 W
DMR,2,2023425,Emergency / XLX005 Y
DMR,2,,
DMR,2,2023427,FreeDMR UK AllStar 29177
DMR,2,2002350,UK Calling – QSY – YSF 02350
DMR,2,2002351,Chat 1 – YSF 02351
DMR,2,2002352,Chat 2 – YSF 02352
DMR,2,2002353,Chat 3 – YSF 02353
DMR,2,2002354,Chat 4 – YSF 02354
DMR,2,2002355,Chat 5 – YSF 02355
DMR,2,2002356,Chat 6 – YSF 02356
DMR,2,2002357,Isle of Man – YSF 02357
DMR,2,2002358,London / XLX084 L – YSF 02358
DMR,2,2002359,Kernow & Jersey – YSF 02359
DMR,2,2023500,South West – YSF 23500
DMR,2,2023510,South East / XLX005 S – YSF 23510
DMR,2,2023511,FreeDMR Sussex AllStar 29177
DMR,2,2023520,North West – YSF 23520
DMR,2,2023530,Yorkshire / XLX899 Z – YSF 23530
DMR,2,2023540,N. Ireland Chat – YSF 23540
DMR,2,2023550,Scotland Chat – YSF 23550
DMR,2,2023551,Scotland Alba Allstar Multimode
DMR,2,2023557,Scotland East
DMR,2,2023558,Scotland Highland & Islands
DMR,2,2023559,Scotland West
DMR,2,2023560,North East – YSF 23560
DMR,2,2023562,M62 Corridor
DMR,2,2023565,Northumberland Scouts
DMR,2,2023570,Wales Chat – YSF 23570
DMR,2,2023579,TORC / XLX994 B
DMR,2,2023580,West Midland – YSF 23580
DMR,2,2023590,East Midlands / XLX005 E – YSF 23590
DMR,2,2023595,OZ-DMR Chat
DMR,2,2023490,East Anglia YSF 55182 & 23490
DMR,2,,
DMR,2,2000238,Denmark
DMR,2,2002381,Denmark Nordjylland
DMR,2,2002382,Denmark Midtjylland
DMR,2,2002383,Denmark Syddanmark
DMR,2,2002384,Denmark Copenhagen
DMR,2,2002385,Denmark Sjaelland
DMR,2,,
DMR,2,2000260,Poland HBLink
DMR,2,2026000,Techniczna
DMR,2,2260201,Chojnice
DMR,2,2260202,ChojniceII
DMR,2,2260203,Bydgoszcz
DMR,2,2260401,Białystok
DMR,2,2260501,Warszawa
DMR,2,2260525,Kadzidło
DMR,2,2260601,Wrocław
DMR,2,2260701,Łódź
DMR,2,2260778,Kutno
DMR,2,2260901,Tarnów
DMR,2,2260902,Kraków
DMR,2,2260903,Zakopane
DMR,2,2260909,Silesia
DMR,2,2260911,Jastrzębie Zdrój
DMR,2,2260928,Orzesze
DMR,2,,
DMR,2,2000262,National
DMR,2,2002620,Saxony-Anhalt/Mecklenburg
DMR,2,2026257,DE-Kusel
DMR,2,2026281,DE-RAMSES
DMR,2,2002629,Saxony/Thuringia
DMR,2,,
DMR,2,2000268,Portugal_National
DMR,2,2002681,Norte
DMR,2,2002682,Centro
DMR,2,2002683,Capital
DMR,2,2002684,Alentejo
DMR,2,2002685,Algarve
DMR,2,2002686,Azores
DMR,2,2002687,Madeira Is.
DMR,2,2002688,Infos
DMR,2,,
DMR,2,2000272,NRSI
DMR,2,2002720,JOTA / JOTI & YOUTH
DMR,2,2002721,Administration / Support
DMR,2,2002722,Ireland Calling
DMR,2,2002723,Ireland Chat
DMR,2,2002724,YSF Ireland 02724
DMR,2,2002725,Multimode Bridging
DMR,2,2002726,Experimental / Homebrew
DMR,2,2002727,Portable and Land Mobile
DMR,2,2002728,Maritime Mobile
DMR,2,2002729,Space / AMSAT Ireland
DMR,2,2027210,Connacht Province Call/Chat
DMR,2,2027211,C2 – Connacht Chat 2
DMR,2,2027212,C3 – Connacht Chat 3
DMR,2,2027213,C4 – Connacht Chat 4
DMR,2,2027214,C5 – Connacht Chat 5
DMR,2,2027215,Leinster Province Call/Chat
DMR,2,2027216,L2 – Leinster Chat 2
DMR,2,2027217,L3 – Leinster Chat 3
DMR,2,2027218,L4 – Leinster Chat 4
DMR,2,2027219,L5 – Leinster Chat 5
DMR,2,2027220,Munster Province Call/Chat
DMR,2,2027221,M2 – Munster Chat 2
DMR,2,2027222,M3 – Munster Chat 3
DMR,2,2027223,M4 – Munster Chat 4
DMR,2,2027224,M5 – Munster Chat 5
DMR,2,2027225,Ulster Province Call/Chat
DMR,2,2027226,U2 – Ulster Chat 2
DMR,2,2027227,U3 – Ulster Chat 3
DMR,2,2027228,U4 – Ulster Chat 4
DMR,2,2027229,U5 – Ulster Chat 5
DMR,2,2027230,Midlands Region Call/Chat
DMR,2,2027231,MID2 – Midlands Chat 2
DMR,2,2027232,MID3 – Midlands Chat 3
DMR,2,2027233,MID4 – Midlands Chat 4
DMR,2,2027234,MID5 – Midlands Chat 5
DMR,2,2027235,Islands Call/Chat
DMR,2,2027236,I2 – Island Chat 2
DMR,2,2027237,I3 – Island Chat 3
DMR,2,2027238,I4 – Island Chat 4
DMR,2,2027239,I5 – Island Chat 5
DMR,2,2027241,Low and Medium Frequency
DMR,2,2027242,High Frequency
DMR,2,2027243,Very High Frequency
DMR,2,2027244,Ultra High Frequency
DMR,2,2027245,Microwave
DMR,2,2027246,Contest
DMR,2,2027247,DX Ireland
DMR,2,2027250,Data
DMR,2,2027271,Youth
DMR,2,2027288,YL and XYL
DMR,2,2027290,National Emergency Alert
DMR,2,2027291,IECRO Primary
DMR,2,2027292,IECRO Secondary
DMR,2,,
DMR,2,2000284,BG National
DMR,2,2002842,Sofia
DMR,2,2002843,Plovdiv
DMR,2,2002844,Varna
DMR,2,2002845,Burgas
DMR,2,2002846,Sliven
DMR,2,2028411,HBLink-BULGARIA
DMR,2,2284016,South East Bulgaria
DMR,2,,
DMR,2,2000302,Canada Wide Yukon & NWT
DMR,2,2003020,Newfoundland & Labrador & P.E.I.
DMR,2,2003021,Nova Scotia
DMR,2,2003022,Quebec
DMR,2,2003023,Ontario
DMR,2,2003024,Manitoba
DMR,2,2003025,Saskatchewan
DMR,2,2003026,Alberta
DMR,2,2003027,British Columbia
DMR,2,2003028,Nunavut Yukon & NWT
DMR,2,2003029,New Brunswick
DMR,2,,
DMR,2,2000702,Bluffton Digital link
DMR,2,2003100,USA Nationwide
DMR,2,2031001,N. A. TAC 1
DMR,2,2031002,N. A. TAC 2
DMR,2,2031003,N. A. TAC 3
DMR,2,2031004,N. A. TAC 4
DMR,2,2031005,N. A. TAC 5
DMR,2,2031006,N. A. TAC 6
DMR,2,2031007,N. A. TAC 7
DMR,2,2031008,N. A. TAC 8
DMR,2,2031009,N. A. TAC 9
DMR,2,,
DMR,2,2003101,Alabama
DMR,2,2310188,KC2ABV REPEATER SYSTEM
DMR,2,2003102,Alaska
DMR,2,2003104,Arizona
DMR,2,2003105,Arkansas
DMR,2,2003106,California
DMR,2,2031060,California Link
DMR,2,2031061,CA TAC
DMR,2,2031068,NorCal
DMR,2,2003108,Colorado
DMR,2,2003109,Connecticut
DMR,2,2003110,Delaware
DMR,2,2003111,District of Columbia
DMR,2,2003112,Florida
DMR,2,2003113,Georgia
DMR,2,2003115,Hawai
DMR,2,2003116,Idaho
DMR,2,2003117,Illinois
DMR,2,2003118,Indiana
DMR,2,2003119,Iowa
DMR,2,2003120,Kansas
DMR,2,2003121,Kentucky
DMR,2,2003122,Louisiana
DMR,2,2003123,Maine
DMR,2,2003124,Maryland
DMR,2,2003125,Massachusetts
DMR,2,2003126,Michigan
DMR,2,2031260,ZOMBIE Alert USA / XLX240B
DMR,2,2003127,Minnesota
DMR,2,2003128,Mississippi
DMR,2,2003129,Missouri
DMR,2,2003130,Montana
DMR,2,2003131,Nebraska
DMR,2,2003132,Nevada
DMR,2,2003133,New Hampshire
DMR,2,2003134,New Jersey
DMR,2,2003135,New Mexico
DMR,2,2003136,New York
DMR,2,2003137,North Carolina
DMR,2,2031373,East NC
DMR,2,2031377,OBX
DMR,2,2031379,NC TAC
DMR,2,2003138,North Dakota
DMR,2,2003139,Ohio
DMR,2,2003140,Oklahoma
DMR,2,2003141,Oregon
DMR,2,2003142,Pennsylvania
DMR,2,2003143,Puerto Rico
DMR,2,2003144,Rhode Island
DMR,2,2003145,South Carolina
DMR,2,2003146,South Dakota
DMR,2,2003147,Tennessee
DMR,2,2003148,Texas
DMR,2,2003149,Utah
DMR,2,2003150,Vermont
DMR,2,2003151,Virginia
DMR,2,2003152,Virgin Islands
DMR,2,2003153,Washington
DMR,2,2003154,West Virginia
DMR,2,2003155,Wisconsin
DMR,2,2003156,Wyoming
DMR,2,2003160,Crossroads-USA Reflector
DMR,2,2031601,NC4ES Chat 1
DMR,2,2031602,NC4ES Chat 2
DMR,2,2031603,NC4ES AUXCOMM
DMR,2,2031604,NC4ES RF Link
DMR,2,2031605,NC4ES EHPC
DMR,2,2003162,USA Latinos
DMR,2,2003165,RF RADIO SIGNALS
DMR,2,2316501,RF RADIO LINK
DMR,2,2003166,DVSwitch
DMR,2,2316601,YSF16512 US-WA-PNW
DMR,2,2310001,ECHO EAST
DMR,2,,
DMR,2,2000330,National
DMR,2,2003300,PR00
DMR,2,2003301,PR01
DMR,2,2003302,PR02
DMR,2,2003303,PR03
DMR,2,2003304,PR04
DMR,2,2003305,PR05
DMR,2,2003306,PR06
DMR,2,2003307,PR07
DMR,2,2003308,PR08
DMR,2,2003309,PR09
DMR,2,2033010,PR10
DMR,2,2033011,PR11
DMR,2,2033012,PR12
DMR,2,2033013,PR13
DMR,2,2033014,PR14
DMR,2,2033015,PR15
DMR,2,2033016,PR16
DMR,2,2033017,PRNet
DMR,2,2033018,PR018
DMR,2,2033019,PR019
DMR,2,2033020,PR020
DMR,2,,
DMR,2,2000334,National
DMR,2,2003341,XE1 Zone
DMR,2,2003342,XE2 Zone
DMR,2,2003343,XE3 Zone
DMR,2,2003349,W Zone
DMR,2,2003340,Second National
DMR,2,2033450,FMRE
DMR,2,2033451,ARAM
DMR,2,2033455,Experimentation
DMR,2,2033456,DXCC
DMR,2,2033457,Scouts and Jamboree JOTA/JOTI
DMR,2,2033401,Aguascalientes
DMR,2,2033402,Baja California Norte
DMR,2,2033403,Baja California Sur
DMR,2,2033404,Campeche
DMR,2,2033405,Coahuila
DMR,2,2033406,Colima
DMR,2,2033407,Chiapas
DMR,2,2033408,Chihuahua
DMR,2,2033409,CDMX/DF
DMR,2,2033410,Durango
DMR,2,2033411,Guanajuato
DMR,2,2033412,Guerrero
DMR,2,2033413,Hidalgo
DMR,2,2033414,Jalisco
DMR,2,2033415,Estado de México
DMR,2,2033416,Michoacán
DMR,2,2033417,Morelos
DMR,2,2033418,Nayarit
DMR,2,2033419,Nuevo León
DMR,2,2033420,Oaxaca
DMR,2,2033421,Puebla
DMR,2,2033422,Querétaro
DMR,2,2033423,Quintana Roo
DMR,2,2033424,San Luis Potosí
DMR,2,2033425,Sinaloa
DMR,2,2033426,Sonora
DMR,2,2033427,Tabasco
DMR,2,2033428,Tamaulipas
DMR,2,2033429,Tlaxcala
DMR,2,2033430,Veracruz
DMR,2,2033431,Yucatán
DMR,2,2033432,Zacatecas
DMR,2,,
DMR,2,2000370,DR National
DMR,2,2003700,RD SYSTEMATICO
DMR,2,2003701,DR Zone 1
DMR,2,2003702,DR Zone 2
DMR,2,2003703,DR Zone 3
DMR,2,2003704,DR Zone 4
DMR,2,2003705,DR Zone 5
DMR,2,2003706,DR Zone 6
DMR,2,2003707,DR Zone 7
DMR,2,2003708,DR Zone 8
DMR,2,2037022,DR Net
DMR,2,2037030,Skynet
DMR,2,2037040,DR Multiprotocolo
DMR,2,2037050,DR Tech
DMR,2,,
DMR,2,2000440,Call-QSY
DMR,2,2004401,Chat 1
DMR,2,2004402,Chat 2
DMR,2,2004403,Chat 3
DMR,2,2004404,Chat 4
DMR,2,2004405,Chat 5
DMR,2,,
DMR,2,2046600,Taiwan
DMR,2,,
DMR,2,2000505,Australia
DMR,2,2005051,ACT (Australian Capital Territory)
DMR,2,2005052,NSW (New South Wales)
DMR,2,2005053,VIC (Victoria)
DMR,2,2005054,QLD (Queensland)
DMR,2,2005055,SA (South Australia)
DMR,2,2005056,WA (Western Australia)
DMR,2,2005057,TAS (Tasmania)
DMR,2,2005058,NT (Northern Territory)
DMR,2,,
DMR,2,2000520,Thailand Nation Wide
DMR,2,2005201,Chat 1
DMR,2,2005202,TH ASL-55087
DMR,2,2005203,Chat 3
DMR,2,2005204,XLX727 C
DMR,2,2005205,XLX138 F
DMR,2,2052007,E20AE Club Station
DMR,2,2052010,Thailand Regian 1
DMR,2,2052020,Thailand Regian 2
DMR,2,2052022,Chantaburi / XLX822 C
DMR,2,2052030,Thailand Regian 3
DMR,2,2052040,Thailand Regian 4
DMR,2,2052050,Thailand Regian 5
DMR,2,2052060,Thailand Regian 6
DMR,2,2052070,Thailand Regian 7
DMR,2,2052080,Thailand Regian 8
DMR,2,2052090,Thailand Regian 9
DMR,2,,
DMR,2,2000530,ZL National
DMR,2,2005301,ZL 1 Region
DMR,2,2005302,ZL 2 Region
DMR,2,2005303,ZL 3 Region
DMR,2,2005304,ZL 4 Region
DMR,2,2053020,CQ-UK link / XLX750 A
DMR,2,2053029,XLX299 X
DMR,2,2053050,XLX750 C
DMR,2,2053060,Taupo Amateur Radio Club
DMR,2,2053099,XLX750 D (P)
DMR,2,2530287,XLX287 A (P)
DMR,2,2530530,XLX750 S (P)
DMR,2,,
DMR,2,2000604,Morocco-National
DMR,2,2006041,Cross Mode DMR = ANALOGUE
DMR,2,2060401,DMR-MAROC
DMR,2,2060410,EL Jadida
DMR,2,,
DMR,2,2000647,Reunion
DMR,2,,
DMR,2,2007000,Red Digital Centroamericana – YSF 91903
DMR,2,,
DMR,2,2000706,El Salvador
DMR,2,2070600,El Salvador D-Star XLX051 J
DMR,2,2070601,El Salvador Región 1
DMR,2,2070602,El Salvador Región 2
DMR,2,2070603,El Salvador Región 3
DMR,2,2070604,El Salvador Eventos
DMR,2,2070605,El Salvador Emergencias
DMR,2,,
DMR,2,2000710,Nacional
DMR,2,2007101,Zona YN1
DMR,2,2007102,Zona YN2
DMR,2,2007103,Zona YN3
DMR,2,2007104,Zona YN4
DMR,2,2007105,Zona YN5
DMR,2,2071000,XLX711 A
DMR,2,2710411,Punto de Encuentro Interno
DMR,2,2710911,Emergencia Nacional
DMR,2,,
DMR,2,2000712,Costa Rica
DMR,2,,
DMR,2,2000714,Panama National
DMR,2,2007143,Panama WiresX
DMR,2,2007144,Chiriqui Link
DMR,2,2071441,Chiriqui-Echolink
DMR,2,2007145,GREMPA
DMR,2,2007146,UPRA
DMR,2,2007148,Radio Club Panama
DMR,2,2007149,Panamá Scouts
DMR,2,2071410,Trx West
DMR,2,2714911,Emergencia Panama
DMR,2,,
DMR,2,2000716,Peru
DMR,2,2007160,Peru Digital / XLX716 C
DMR,2,2007161,Peru Zona OA1
DMR,2,2007162,Peru Zona OA2
DMR,2,2007163,Peru Zona OA3
DMR,2,2007164,Peru Zona OA4
DMR,2,2007165,Peru Zona OA5
DMR,2,2007166,Peru Zona OA6
DMR,2,2007167,Peru Zona OA7
DMR,2,2007168,Peru Zona OA8
DMR,2,2007169,Peru Zona OA9
DMR,2,,
DMR,2,2000722,ARG 722
DMR,2,2007221,ARG 7221
DMR,2,2007222,ARG 7222
DMR,2,2007223,ARG 7223
DMR,2,2007224,ARG 7224
DMR,2,2007225,ARGENTINA DIGITAL
DMR,2,2007226,ARG 7226
DMR,2,2007227,ARG 7227
DMR,2,2007228,ARG 7228
DMR,2,2007229,ARG 7229
DMR,2,,
DMR,2,2000724,Brasil National
DMR,2,2007241,Norte
DMR,2,2007242,Nordeste
DMR,2,2007243,Centro-Oeste
DMR,2,2007244,Sudeste
DMR,2,2007245,Sul
DMR,2,2072411,São Paulo
DMR,2,2072416,YSF-NET
DMR,2,2072421,Rio de Janeiro
DMR,2,2072427,Espírito Santo
DMR,2,2072431,Minas Gerais
DMR,2,2072441,Paraná
DMR,2,2072448,Santa Catarina
DMR,2,2072451,Rio Grande do Sul
DMR,2,2072461,Brasília
DMR,2,2072462,Goiás
DMR,2,2072463,Tocantins
DMR,2,2072465,Mato Grosso
DMR,2,2072467,Mato Grosso do Sul
DMR,2,2072468,Acre
DMR,2,2072469,Rondônia
DMR,2,2072471,Bahia
DMR,2,2072479,Sergipe
DMR,2,2072481,Pernambuco
DMR,2,2072482,Alagoas
DMR,2,2072483,Paraíba
DMR,2,2072484,Rio Grande do Norte
DMR,2,2072485,Ceará
DMR,2,2072486,Piauí
DMR,2,2072490,Desbravadores
DMR,2,2072491,Pará
DMR,2,2072492,Amazonas
DMR,2,2072495,Roraima
DMR,2,2072496,Amapá
DMR,2,2072498,Maranhão
DMR,2,,
DMR,2,2000730,CHILE - Nacional
DMR,2,2007301,CE1 Zona1 Arica - Atacama
DMR,2,2007302,CE2 Zona2 Coquimbo -Valparaiso
DMR,2,2007303,CE3 Zona3 Metropolitana
DMR,2,2007304,CE4 Zona4 O'Higgins - Ñuble
DMR,2,2007305,CE5 Zona5 BioBio
DMR,2,2007306,CE6 Zona6 Araucania y Los Rios
DMR,2,2007307,CE7 Zona7 Los Lagos - Aysen
DMR,2,2007308,CE8 Zona8 Magallanes
DMR,2,2007309,CE9 Zona9 U.Esperanza - Antartica
DMR,2,2007300,CE0 Zona0 Chile Insular
DMR,2,2730911,EMMCOM Chile
DMR,2,2073010,YSF CL-Link 51028 – WiresX-81510
DMR,2,2073020,XLX200
DMR,2,2730907,JOTA
DMR,2,,
DMR,2,2000732,HK. National
DMR,2,2007320,HK0 Atlantico
DMR,2,2007321,HK1 Cesar
DMR,2,2007322,HK2 Bogotá
DMR,2,2007323,HK3 Antioquia
DMR,2,2007324,HK4 Cauca
DMR,2,2007325,HK5 Caldas
DMR,2,2007326,HK6 Arauca
DMR,2,2007327,HK7 Caquetá
DMR,2,2007328,HK8 Amazonas
DMR,2,2007329,HK9 Malpelo
DMR,2,2073230,Calderonet
DMR,2,2732075,FRACOL
DMR,2,,
DMR,2,2000734,VENEZUELA NATIONAL
DMR,2,2007341,Falcon-Trujillo-Zulia
DMR,2,2073411,Venezuela link YSF
DMR,2,2007342,Barinas-Merida-Tachira
DMR,2,2007343,Lara-Portuguesa-Yaracuy
DMR,2,2007344,Aragua-Carabobo-Cojedes
DMR,2,2007345,Dtto. Capital-Guarico-Miranda-Dep.Federales
DMR,2,2007346,Anzoategui-Bolivar
DMR,2,2007347,Nueva esparta-Sucre
DMR,2,2007348,Monagas-Delta Amacuro
DMR,2,2007349,Apure-Amazonas
DMR,2,2734911,EMCOMM YV
DMR,2,,
DMR,2,2000740,Ecuador
DMR,2,2007401,Ecuador HC3 Loja
DMR,2,2007406,AMBATO
DMR,2,2074001,CARCHI-IMBABURA-PICHINCHA
DMR,2,2074002,GUAYAS LOS RIOS
DMR,2,2074003,LOJA - EL ORO
DMR,2,2074004,MANBI - ESMERALDAS
DMR,2,2074005,CHIMBORAZO- CAÑAR-AZUAY
DMR,2,2074006,COTOPAXI- TUNGURAHUA - BOLIVAR
DMR,2,2074007,ZAMORA CHINCHIPE- MORONA SANTIAGO-NAPO- PASTAZA- SUCUMBIOS
DMR,2,2074008,GALAPAGOS
DMR,2,2740911,EMERGENCIAS
DMR,2,,
DMR,2,2000748,Uruguay
DMR,2,2007487,Uruguay Link
DMR,2,2074800,EMERGENCY
DMR,2,2074803,Artigas
DMR,2,2074804,Canelones
DMR,2,2074805,Cerro Largo
DMR,2,2074806,Colonia
DMR,2,2074807,Durazno
DMR,2,2074808,Flores
DMR,2,2074809,Florida
DMR,2,2074810,Lavalleja
DMR,2,2074811,Maldonado
DMR,2,2074801,Montevideo
DMR,2,2074802,Montevideo
DMR,2,2074812,Paysandú
DMR,2,2074813,Rio Negro
DMR,2,2074814,Rivera
DMR,2,2074815,Rocha
DMR,2,2074816,Salto
DMR,2,2074817,San José
DMR,2,2074818,Soriano
DMR,2,2074819,Tacuarembó
DMR,2,2074820,Treinta y Tres
DMR,2,2074830,CXUA1
DMR,2,2074840,CXUA2
DMR,2,2074850,CXUA3
DMR,2,2074860,CXUA4
DMR,2,2748230,Marconi Activities(IMDetc.)

DMR,2,3000101,Tac-101
DMR,2,3000102,Tac-102
DMR,2,3000103,Tac 103
DMR,2,3000104,Tac-104
DMR,2,3000105,Tac-105
DMR,2,3000106,Tac-106
DMR,2,3000107,Tac-107
DMR,2,3000108,Tac-108
DMR,2,3000109,Tac-109
DMR,2,3000110,North America
DMR,2,3000111,Europe
DMR,2,3000112,Asia Pacific
DMR,2,3000113,World Wide English
DMR,2,3000114,World Wide
DMR,2,3000115,3RD Party Kids
DMR,2,3000116,United Kingdom
DMR,2,3000117,HF TALK
DMR,2,3000118,Sailing Hams
DMR,2,3000119,The Complaint Department
DMR,2,3000120,The N4LLC Talkgroup
DMR,2,3000121,UK 1 to 1 Chats
DMR,2,3000122,Fun House Chat
DMR,2,3000123,Trucker Talk
DMR,2,3000124,BlueDV/DudeStar
DMR,2,3000125,"Drink Beer, Get Drunk, Talk DMR"
DMR,2,3000126,Debate
DMR,2,3000127,KC1MAC
DMR,2,3000128,Network Radios
DMR,2,3000129,Christian Communications 
DMR,2,3000130,SKYWARN
DMR,2,3000131,EMCOMM AUXCOMM ALTCOMM
DMR,2,3000132,Connecticut
DMR,2,3000133,"Battlefield, Call of Duty GAMING Hams"
DMR,2,3000134,TGIF 24/7 lounge
DMR,2,3000135,Northern New Mexico
DMR,2,3000136,Japan 136
DMR,2,3000137,NRT JPN Group
DMR,2,3000138,XLX138 PhuketThai
DMR,2,3000139,Southwest States DMR
DMR,2,3000140,Ham Projects
DMR,2,3000142,SCARG (Sun City Amateur Radio Group)
DMR,2,3000143,Western Kentucky Room
DMR,2,3000144,Allstar Echolink Connection 
DMR,2,3000145,NFLARC
DMR,2,3000147,TG IND
DMR,2,3000149,XLX149 Thailand
DMR,2,3000150,SSTV
DMR,2,3000151,Wild West Hams
DMR,2,3000153,FRANKLIN MOUNTAIN DIGITAL
DMR,2,3000155,Caldwell County Severe WeatherNet
DMR,2,3000156,Lenoir Amateur Radio Group
DMR,2,3000157,Caldwell County AUXCOMM
DMR,2,3000160,Urban Ops
DMR,2,3000166,Route 66
DMR,2,3000169,PacNW WA Hams
DMR,2,3000170,The Gentlemans Club HF DX Group
DMR,2,3000173,New Ham Elmer's Shack
DMR,2,3000175,JDCC Group
DMR,2,3000180,CRARC
DMR,2,3000181,Old Buzzards
DMR,2,3000185,Colorado State Wide
DMR,2,3000190,Colorado EMERGENCY/SAR AUX 1
DMR,2,3000191,Photography
DMR,2,3000195,N.Va I-95 and Surrounding Area TG
DMR,2,3000196,QuadNet Array
DMR,2,3000199,Ham Radio Works
DMR,2,3000200,Suffolk Ham Works
DMR,2,3000201,Testing/Experimentation
DMR,2,3000202,Testing/Experimentation
DMR,2,3000203,Florida Skywarn spotters network 
DMR,2,3000204,Technology First
DMR,2,3000205,Elevated RF
DMR,2,3000206,BELGIUM MAIN TALKGROUP
DMR,2,3000208,North Idaho Net
DMR,2,3000210,Bridgecom Systems Users
DMR,2,3000214,Southern Pennsylvania Amateur Radio Club
DMR,2,3000215,Philadelphia
DMR,2,3000217,Catalonia Next DXCC
DMR,2,3000219,Ham Vegas
DMR,2,3000220,KC5T 220Mhz 
DMR,2,3000222,CERT-SPAIN
DMR,2,3000223,FreeDMR-ITALY
DMR,2,3000224,Amateur Television Network
DMR,2,3000226,Romania
DMR,2,3000228,Swiss
DMR,2,3000235,UK Yorkshire
DMR,2,3000240,Sweden
DMR,2,3000242,NORWAY
DMR,2,3000244,South Devon Radio Club G4SSD
DMR,2,3000247,UK RAGCHEW
DMR,2,3000248,LincsLink
DMR,2,3000250,CCARS
DMR,2,3000262,GGM Radio
DMR,2,3000268,Portugal
DMR,2,3000286,Turkey
DMR,2,3000295,Digital Watering Hole
DMR,2,3000300,The Cigar Lounge
DMR,2,3000302,Canada Wide
DMR,2,3000304,West Virginia State Wide
DMR,2,3000305,HAM and IT
DMR,2,3000307,Wyoming
DMR,2,3000309,Western Illinois
DMR,2,3000310,InterConnection Enjoy Room
DMR,2,3000311,Plain Japanese
DMR,2,3000312,West Central Florida
DMR,2,3000313,Ogemaw County ARES RACES Group
DMR,2,3000314,PA CREW
DMR,2,3000315,FCARCNC
DMR,2,3000318,Michigan
DMR,2,3000319,YLSYSTEM
DMR,2,3000320,IRN-KC1MUV
DMR,2,3000321,1776
DMR,2,3000323,California State (323)
DMR,2,3000324,Suncoast Amateur Radio Club
DMR,2,3000325,FreeSTAR Worldwide
DMR,2,3000326,DoDropIn
DMR,2,3000327,Side by Side Chat
DMR,2,3000328,Thin Blue Line Users
DMR,2,3000330,Puerto Rico
DMR,2,3000333,MagCOMM 333
DMR,2,3000334,Mexico
DMR,2,3000343,WARG
DMR,2,3000345,Rockingham Co NC ARC
DMR,2,3000347,Digital Advance
DMR,2,3000357,All Freemasons Worldwide
DMR,2,3000358,CSRA TALK
DMR,2,3000360,Ferndale ACS
DMR,2,3000369,FusionNet
DMR,2,3000373,TGIF 373
DMR,2,3000399,Cardinal Talk Mesa AZ XLX399
DMR,2,3000400,UAV Talk
DMR,2,3000404,404 Not Found
DMR,2,3000405,Lake Royale NC
DMR,2,3000406,Studio B
DMR,2,3000407,Outer Banks NC
DMR,2,3000410,Eastern NC
DMR,2,3000411,The Carolinas
DMR,2,3000412,Raleigh
DMR,2,3000413,Sri Lanka Amateur Radio Group DMR+
DMR,2,3000414,41 for Freedom
DMR,2,3000415,The 415
DMR,2,3000417,Elarz
DMR,2,3000420,420 Super Freq
DMR,2,3000421,421
DMR,2,3000424,K6KCP
DMR,2,3000431,W5CBT Group
DMR,2,3000434,CVILLE
DMR,2,3000440,NC440
DMR,2,3000441,Camp Lejeune NC
DMR,2,3000442,Black Sheep
DMR,2,3000444,Twin Rivers Amateur Radio Club
DMR,2,3000450,1st Responders 
DMR,2,3000456,Storm Chasers and Spotters
DMR,2,3000463,Koinonia
DMR,2,3000469,DFW Metro
DMR,2,3000479,Arkansas Baptist Disaster Relief
DMR,2,3000500,Digital youth net W4JMD
DMR,2,3000502,GUATEMALA
DMR,2,3000503,El Salvador
DMR,2,3000509,Washington State
DMR,2,3000511,Dayton Ohio Area 1990 Repeater Users
DMR,2,3000515,PILIPINAS 515
DMR,2,3000523,Metamucil Guys
DMR,2,3000527,Tucson GMRS Association
DMR,2,3000529,Miami CQ-DX Hub
DMR,2,3000555,Beekeepers
DMR,2,3000556,ARFCOMM-556
DMR,2,3000561,South Florida DMR Talkgroup
DMR,2,3000565,Rocket City Talk Group
DMR,2,3000575,Southern New Mexico
DMR,2,3000580,VALBARC
DMR,2,3000585,Western New York
DMR,2,3000604,TGIF MAROC
DMR,2,3000606,Southeastern Kentutcky
DMR,2,3000609,AREA 609
DMR,2,3000610,Zone of action DMR Ocala FL
DMR,2,3000618,618Comms
DMR,2,3000623,Southwest US
DMR,2,3000631,W2YMM_HUB
DMR,2,3000650,CaribLink
DMR,2,3000662,DixieDMR
DMR,2,3000664,DAD TALK NET 
DMR,2,3000666,HAMS & the Paranormal
DMR,2,3000677,Park2Park Network
DMR,2,3000681,WV NIGHT CRAWLER 
DMR,2,3000690,KOOLBEANZ 69ZERO GROUP
DMR,2,3000696,URS
DMR,2,3000704,Carolina Skywarn
DMR,2,3000706,Dogpound
DMR,2,3000707,Rural Minnesota
DMR,2,3000710,Nicaragua 
DMR,2,3000711,The Las Vegas Connection
DMR,2,3000713,Houston Metro
DMR,2,3000716,Peru
DMR,2,3000717,DMR-717
DMR,2,3000724,Brazil
DMR,2,3000727,Illinois Search and Rescue
DMR,2,3000737,Flight Simulator Enthusiasts
DMR,2,3000754,SC-HoneyBadgers
DMR,2,3000757,Southeastern Virginia 
DMR,2,3000762,Higher Caliber
DMR,2,3000765,AZ Cacti
DMR,2,3000767,Airline Pilots
DMR,2,3000772,Team Coast Guard
DMR,2,3000787,MS Flight Simulator 2020
DMR,2,3000789,SCARC OPS
DMR,2,3000800,DEPLORABLE
DMR,2,3000801,MissingLynk
DMR,2,3000802,Ham Garage
DMR,2,3000803,Satellite Busters Garage
DMR,2,3000805,US-RocketCity-AL
DMR,2,3000806,TG Group 806
DMR,2,3000810,All-R-WELCOME
DMR,2,3000818,XLX818
DMR,2,3000828,WNC-link
DMR,2,3000835,Catskill Hamsters
DMR,2,3000843,Grand Strand Talk
DMR,2,3000845,Ham and Tech
DMR,2,3000847,North Shore Hamsters
DMR,2,3000850,FL Panhandle Ragchew
DMR,2,3000851,ZMR Group 851
DMR,2,3000863,Hardee County FL Radio Group
DMR,2,3000864,SC Upstate
DMR,2,3000865,Knoxville Digital Group
DMR,2,3000870,Arkansas Allstar Bridge
DMR,2,3000872,Right Wing Politics
DMR,2,3000888,Mike's Playhouse
DMR,2,3000900,ZMR Group 900
DMR,2,3000901,"Memphis, TN Metro"
DMR,2,3000906,KC8NWS Yooper Amateur Radio Club 
DMR,2,3000907,JOTA
DMR,2,3000909,Tech Talk
DMR,2,3000910,Cape Fear Amateur Radio Society
DMR,2,3000911,EMCOMM
DMR,2,3000915,WW-Portuguese
DMR,2,3000916,kettering and Distric Amateur radio Society
DMR,2,3000918,Tulsa Oklahoma Metro
DMR,2,3000925,The Working Crew
DMR,2,3000927,Maryland Crab Cakes Hub
DMR,2,3000928,The Kingman's Table
DMR,2,3000932,Decamps
DMR,2,3000936,VARG
DMR,2,3000950,TG 950 PRIVATE
DMR,2,3000951,IE
DMR,2,3000960,PWH-NorCal
DMR,2,3000969,Digital Voice Caribbean
DMR,2,3000970,Ole Virginia Hams
DMR,2,3000989,BAARC / Tri-Cities
DMR,2,3000999,Italy
DMR,2,3001004,Palm Springs / Coachella Valley
DMR,2,3001007,Harley Hangout
DMR,2,3001008,Harley-Hangout-Tac
DMR,2,3001010,WWARC
DMR,2,3001014,SWFL LEE
DMR,2,3001015,Uk Digital Ham Radio Station
DMR,2,3001017,M17 project
DMR,2,3001033,The Scanner/SWL Junkies
DMR,2,3001111,Cw morse code
DMR,2,3001155,Skeleton Crew 
DMR,2,3001169,Northern Maine TalkGroup
DMR,2,3001200,The Motorola Boyz
DMR,2,3001222,West Alabama Hams
DMR,2,3001225,Railfanning/heads up
DMR,2,3001251,Siquijor Island Philippines
DMR,2,3001259,Nature Coast Gigacycles
DMR,2,3001313,Motorcycle and 3 wheel talk
DMR,2,3001330,The Trapline
DMR,2,3001335,WWW.420hamradio.network
DMR,2,3001337,1337 sp34k
DMR,2,3001375,Whiskey Tango Foxtrot
DMR,2,3001458,Isle Of Avalon 
DMR,2,3001521,Toyota Overland
DMR,2,3001527,Wheel Tappers and Shunters Club
DMR,2,3001555,W4OTS-Western North Carolina Special Events
DMR,2,3001609,Jersey Shore DMR
DMR,2,3001701,Out Of This World
DMR,2,3001765,Liberty Preppers Network
DMR,2,3001775,SFMF
DMR,2,3001776,PrepperNet
DMR,2,3001777,MPURN
DMR,2,3001786,Georgia Freemasons
DMR,2,3001789,AmRRON
DMR,2,3001864,Nevada- The Battle Born State
DMR,2,3001870,CLUB CHAT
DMR,2,3001896,UTAH EMCOMM
DMR,2,3001901,Alabama Prepper Survival Talk group 
DMR,2,3001911,Midnight Madness 
DMR,2,3001928,Motorola Enthusiast
DMR,2,3001939,NIARA
DMR,2,3001942,AMATEURS LEARNING JOURNEY
DMR,2,3001945,WW 2 History
DMR,2,3001947,UFO (UAP) Witness Group
DMR,2,3001952,Vintage Radio Society
DMR,2,3001961,9J2RD_TEST
DMR,2,3001962,Electric City
DMR,2,3001963,PAUSE-FOR-THE-CAUSE
DMR,2,3001967,Concho Valley
DMR,2,3001969,Baofeng Boiz
DMR,2,3001972,DXHAMS
DMR,2,3001973,Washington State Hams
DMR,2,3001978,SUHO 
DMR,2,3001979,Kentuckiana
DMR,2,3001981,NASA - Space / Ground Communications
DMR,2,3001984,NEW HAMPSHIRE UNDERGROUND
DMR,2,3001990,YOUNG HAMS HANGOUT SPOT
DMR,2,3001993,KD2RPP PHILIPS ROOM
DMR,2,3002001,Heady Music Chat
DMR,2,3002004,Linux Talk
DMR,2,3002016,Grimes County TX Talkgroup
DMR,2,3002017,Easy to Hear Nite Chat
DMR,2,3002020,Economics beer and conspiracies
DMR,2,3002021,Free Speech Radio
DMR,2,3002022,Go Brandon 
DMR,2,3002023,SMD 
DMR,2,3002024,LETS GO BRANDON
DMR,2,3002041,Netherlands
DMR,2,3002100,100 Watts and a Wire
DMR,2,3002101,HCARA
DMR,2,3002112,Drummers Worldwide
DMR,2,3002120,General Chatter
DMR,2,3002133,2MC
DMR,2,3002165,K6JWN AllStar Bridge Node 2165
DMR,2,3002170,The Oregon Trail
DMR,2,3002211,Fat Bike
DMR,2,3002236,Digital Talk ITA
DMR,2,3002241,TGIF Italy Nation Wide
DMR,2,3002242,Fed United DMR
DMR,2,3002250,Procida Island
DMR,2,3002323,Ghost Spirits Demons & Paranormal 
DMR,2,3002340,The Black Sheep Pub
DMR,2,3002345,CQ North
DMR,2,3002348,Grumpy Old Gits
DMR,2,3002350,UK ChatterBox 
DMR,2,3002351,UK ChatterBox Chat 1
DMR,2,3002352,UK ChatterBox Chat 2
DMR,2,3002353,UK ChatterBox Chat 3
DMR,2,3002356,#Talkinwales2356
DMR,2,3002357,ISLE of MAN
DMR,2,3002358,DV England
DMR,2,3002359,Night Owls Nook
DMR,2,3002403,SwedenLink TGIF 2403 / BM 2416
DMR,2,3002405,"Sweden, SM5"
DMR,2,3002406,Sweden SM6 2406
DMR,2,3002407,Sweden SM7
DMR,2,3002408,Teknik
DMR,2,3002410,Benzie County ARPSC
DMR,2,3002416,D7AUXCOMM 
DMR,2,3002424,Talk About Anything 
DMR,2,3002442,ConquestArms
DMR,2,3002500,The Hide Out 
DMR,2,3002600,Drones
DMR,2,3002629,DL-TGIF-Users
DMR,2,3002681,NE Tennessee/SW Virginia Talk Group
DMR,2,3002754,Churchill
DMR,2,3002861,QRV73
DMR,2,3002900,FM29er's
DMR,2,3002950,Ham Radio Drama Free Worldwide
DMR,2,3003000,N7PSR
DMR,2,3003020,Canada's National Capital Region
DMR,2,3003021,Manotick Amateur Radio Group
DMR,2,3003023,Ontario Bridge to DMR+ P25 and BM
DMR,2,3003024,SODA
DMR,2,3003025,Russian Speaking USA Mobile Club
DMR,2,3003030,CANADA'S ADVENTURES AND COMMUNICATIONS
DMR,2,3003039,native new yorker
DMR,2,3003050,Atlantic Canada
DMR,2,3003113,Georgia
DMR,2,3003117,ILLINOIS
DMR,2,3003118,Indiana- The Hoosier State
DMR,2,3003120,Lexington Kentucky
DMR,2,3003121,Kentucky Statewide 
DMR,2,3003124,Maryland State-Wide
DMR,2,3003132,Nevada Statewide
DMR,2,3003134,New Jersey
DMR,2,3003135,New Mexico
DMR,2,3003136,New York
DMR,2,3003137,North Carolina
DMR,2,3003139,Ohio TGIF
DMR,2,3003140,OKLAHOMA
DMR,2,3003144,Rhode Island
DMR,2,3003145,South Carolina
DMR,2,3003147,Tennessee
DMR,2,3003148,Texas
DMR,2,3003149,Utah
DMR,2,3003150,Utahs Dixie
DMR,2,3003151,Virginia Statewide
DMR,2,3003154,Buffalo Group
DMR,2,3003155,Wisconsin
DMR,2,3003157,Secret Squirrel Radio Network 
DMR,2,3003158,North Florida Amateur Radio
DMR,2,3003160,Florida Open Talkgroup
DMR,2,3003162,USA Latinos
DMR,2,3003165,RF Radio Signals
DMR,2,3003181,Kalamazoo \ Southwest MI
DMR,2,3003185,Greater Bridgeport ARC
DMR,2,3003198,National Hurricane Center VOIP Net
DMR,2,3003357,NJ Masonic Amateur Radio Club
DMR,2,3003375,Mountain Toppers
DMR,2,3003420,Alaska Outdoors 
DMR,2,3003473,The Campfire
DMR,2,3003698,World Wide Ragchew Amateur Radio Net
DMR,2,3003720,Haiti Digital
DMR,2,3003777,PNW Overlanders
DMR,2,3003814,StMax
DMR,2,3003843,Three Blind Rats
DMR,2,3003907,AB3C 3907 Talkgroup
DMR,2,3003923,NCBM DR
DMR,2,3003933,Black Sheep Lounge
DMR,2,3004040,Czech/Slovak/Irish ;)
DMR,2,3004050,"""I'll be at the Bar"" Wine, Spirits, Cocktails, & Brews"
DMR,2,3004100,Crane Heads
DMR,2,3004101,Public Safety Amateur Radio Group
DMR,2,3004111,411 Info
DMR,2,3004140,AUX SAR 
DMR,2,3004150,Lebanon DMR
DMR,2,3004163,Mon County club
DMR,2,3004201,CDARIN
DMR,2,3004261,MUDDUCK POND
DMR,2,3004357,Helpdesk
DMR,2,3004400,Hondo Canyon Link System
DMR,2,3004401,ACME Freedom Products
DMR,2,3004412,CommsConnectUS
DMR,2,3004419,West Texas Yacht Club
DMR,2,3004449,North American Railroad SIG
DMR,2,3004476,Gaston Radio Club WG4RC
DMR,2,3004481,Gensler
DMR,2,3004627,Oakland A's Fans
DMR,2,3004649,Mobile Communications Lab
DMR,2,3004711,Dankai Net Group
DMR,2,3004714,Catalonia Next DXCC
DMR,2,3004742,American Red Cross Disaster Services Communicators
DMR,2,3004900,Japan 4900
DMR,2,3004907,The New York To Florida Connect 
DMR,2,3005031,"El Salvador, Zona 1"
DMR,2,3005050,TechTalkCanada
DMR,2,3005150,The Talking Spot
DMR,2,3005151,Heathen/Pagan Network
DMR,2,3005153,DX3T JARC Talkgroup
DMR,2,3005168,3D Printing
DMR,2,3005300,The N9NWS Group
DMR,2,3005309,TECH HELP
DMR,2,3005323,TX Misfits
DMR,2,3005519,Headwaters
DMR,2,3005599,Gone Fishing
DMR,2,3006060,60 Radio Group
DMR,2,3006072,Gogebic County Severe WeatherNet 
DMR,2,3006081,WX8NWS ALLSTAR BRIDGE
DMR,2,3006169,NORTH WEST MISSOURI TALKGROUP
DMR,2,3006241,kf0bxi
DMR,2,3006282,North American Talk Box
DMR,2,3006363,Diginerds
DMR,2,3006640,K6EGG
DMR,2,3006817,WWARG NETWORK RADIO 
DMR,2,3007060,"El Salvador, Main Room"
DMR,2,3007061,"El Salvador, Región 1"
DMR,2,3007062,"El Salvador, Region 2"
DMR,2,3007063,"El Salvador, Region 3"
DMR,2,3007064,"El Salvador, Eventos "
DMR,2,3007065,"El Salvador, Emergencias"
DMR,2,3007144,Chiriqui Link
DMR,2,3007200,7.2
DMR,2,3007205,Union County NJ Alumni
DMR,2,3007208,RC Pilots Lounge
DMR,2,3007247,Brazil-Link
DMR,2,3007253,LASD DCS
DMR,2,3007373,Parks On The Air (POTA)
DMR,2,3007399,Amateur Radio Missionary Service
DMR,2,3007700,Aviation Chat
DMR,2,3007722,PPCC Ham Club
DMR,2,3007777,SCRAPPER Network 
DMR,2,3008080,Enlace Noreste
DMR,2,3008231,Digital Coffee Club
DMR,2,3008302,Bluto
DMR,2,3008500,Osona
DMR,2,3008570,Vall del Ges
DMR,2,3008761,American Legion Amateur Radio Club
DMR,2,3008762,US Military Vets
DMR,2,3008888,Hwy 12 Station
DMR,2,3008899,Tecnologie Digitali
DMR,2,3008927,TXAR
DMR,2,3008934,SKCC GROUP
DMR,2,3009050,East Coast Reflector 9050
DMR,2,3009113,Cot Jockeys
DMR,2,3009500,DX8H
DMR,2,3009629,Iredell Firewire
DMR,2,3009800,Cafe Gratis 
DMR,2,3009911,EMCom
DMR,2,3009996,AllStarLink node 545070
DMR,2,3009999,2E0KBZ
DMR,2,3010000,jm1fvo
DMR,2,3010101,KW0Z RADIO SHOP TALK
DMR,2,3010102,POLLY
DMR,2,3010367,Ten Forward
DMR,2,3011111,Crypto Chat 
DMR,2,3012121,K6GD
DMR,2,3012141,Minutemen of the Air
DMR,2,3012323,American Whitewater
DMR,2,3012345,GLAARG-VEC
DMR,2,3013579,Signal
DMR,2,3014054,W5JDW Link System
DMR,2,3014094,LARA DMR Group
DMR,2,3014547,FLARC
DMR,2,3014571,TGIF JAPAN
DMR,2,3014652,Simplex Junkies
DMR,2,3014730,OVMRC
DMR,2,3014733,Central Ontario Amateur Radio Club - Network
DMR,2,3017000,Texas Gulf Coast RACES Group
DMR,2,3019288,Shelby Amateur Radio Club
DMR,2,3019406,Cigar Bar
DMR,2,3020321,Pokémon
DMR,2,3020612,BELGIUM WAASLAND
DMR,2,3020620,BELGIUM RAGCHEW
DMR,2,3020844,Nantes France
DMR,2,3021465,ADER 
DMR,2,3022115,Vigili del Fuoco Volontari Italia
DMR,2,3022200,HBLink Italy
DMR,2,3022211,P.C.R.E. Protezione Civile Radiocomunicazioni Emergenza
DMR,2,3022215,FreeDMR TG-22215
DMR,2,3022216,FreeDMR TG22216
DMR,2,3022217,Ras Sardegna MP
DMR,2,3022218,Ras Sardegna mp
DMR,2,3022220,ItalyNet Conference
DMR,2,3022233,IT-VENETO
DMR,2,3022302,tg Sardegna
DMR,2,3022320,Echolink Italynet
DMR,2,3022391,FreeDMR-Sicilia
DMR,2,3022406,AllStarnode51593
DMR,2,3022474,Myrtle Street Repeater Association
DMR,2,3022812,Geneva-CH
DMR,2,3022824,Echolink Swiss Italian
DMR,2,3022825,Multiprotocoll Swiss Italian
DMR,2,3023414,NW Radio Group UK
DMR,2,3023416,400Club
DMR,2,3023426,FreeSTAR International
DMR,2,3023456,SHARC Multi-Mode System
DMR,2,3023457,SHARC TACTICAL
DMR,2,3023491,NXDN-Cambridge
DMR,2,3023500,London TG
DMR,2,3023519,"Bluebell Hill, Kent, UK"
DMR,2,3023526,HUBNet
DMR,2,3023530,Yorkshire
DMR,2,3023531,RAYNET UK National
DMR,2,3023551,ALBA SCOTLAND Allstar Multimode 
DMR,2,3023552,MS0NTR Club
DMR,2,3023559,Scot West
DMR,2,3023560,North East UK TGIF
DMR,2,3023561,North North East UK TGIF
DMR,2,3023565,Northumberland Scouts
DMR,2,3023566,South Wales Digital Group
DMR,2,3023590,East Midlands UK
DMR,2,3023591,Nottinghamshire Link
DMR,2,3023595,OZ-DMR
DMR,2,3023599,Lincolnshire Live
DMR,2,3023669,74ARPSCADM
DMR,2,3023952,CQ-Sussex
DMR,2,3024000,Talk to Sweden
DMR,2,3024071,Jonkoping HUB
DMR,2,3024072,SK7HR Local
DMR,2,3024911,Dares 
DMR,2,3025378,ALERTradio ERC
DMR,2,3026221,NDR BSG AFU Hamburg City
DMR,2,3026256,DE-Kusel
DMR,2,3026258,DE-Merzweiler
DMR,2,3026275,A24 & Friends
DMR,2,3026403,DE-NK-Saar
DMR,2,3026421,Hamburg C4FM
DMR,2,3027500,CCAR Link
DMR,2,3027622,DigiCommCafe
DMR,2,3027715,CQ-Ohio
DMR,2,3028092,Lincoln County NC Area Communications
DMR,2,3028299,America Ragchew
DMR,2,3028476,Railhams
DMR,2,3028645,MANISA
DMR,2,3028690,QRV73
DMR,2,3029020,Kershaw County ARC
DMR,2,3029252,Oklahoma Hamsomniac Reflector
DMR,2,3029930,New Mexico Multiprotocol
DMR,2,3030070,IRLP_0070 
DMR,2,3030087,IRLP_0087 - Allstar_42121
DMR,2,3030092,IRLP_0092 and Echolink MICH-EXP 593804
DMR,2,3030093,Hams On The Move
DMR,2,3030214,VA7FK
DMR,2,3030231,TORONTO CANADA
DMR,2,3030232,Golden Horseshoe
DMR,2,3030233,VE3RIG
DMR,2,3030235,Canadian Caribbean Amateur Radio Club
DMR,2,3030262,Mabuhay-Canada-Link
DMR,2,3030277,R.A.T.S. Digital Network Group
DMR,2,3030278,Filipinas Digital Network Group
DMR,2,3030279,Canadian Miltary Group
DMR,2,3030280,Train Sims and Railfan
DMR,2,3030639,NorCal
DMR,2,3030736,Catoosa Tac1
DMR,2,3031001,NC4ES ECHO Cluster
DMR,2,3031010,Alabama Link
DMR,2,3031013,ALERT-K4NWS
DMR,2,3031018,KC2ABV REPEATER SYSTEM
DMR,2,3031031,IRC hf-uhf
DMR,2,3031055,Arkansas StateWide 
DMR,2,3031060,Resonant Frequency Podcast
DMR,2,3031066,SoCal
DMR,2,3031089,Hytera USA
DMR,2,3031121,First Coast DMR
DMR,2,3031123,Treasure Coast Florida
DMR,2,3031129,Orlando
DMR,2,3031132,South Georgia
DMR,2,3031134,North Georgia
DMR,2,3031163,Gaming Central
DMR,2,3031170,Round Lake Area
DMR,2,3031171,Illinois Link 
DMR,2,3031172,North East Illinois
DMR,2,3031180,Northern Indiana
DMR,2,3031181,Southern Indiana
DMR,2,3031182,Indianapolis Indiana
DMR,2,3031183,America- All 50 States (OPEN TO ALL)
DMR,2,3031184,Columbus Indiana Area
DMR,2,3031185,Columbus Indiana Area Tac
DMR,2,3031186,KV9Q Indiana Admin 
DMR,2,3031187,KE9MS
DMR,2,3031188,Indiana-Link-South (YSF ILS Bridge) 
DMR,2,3031189,Cellar
DMR,2,3031204,Sunflower State
DMR,2,3031207,Sunflower Net
DMR,2,3031217,Central Illinois Skywarn
DMR,2,3031219,Northeast Maryland Amateur Radio Club
DMR,2,3031221,SELCOM
DMR,2,3031226,World Wide Chat (ALL MODES)
DMR,2,3031238,The Foxhole
DMR,2,3031257,NEARC
DMR,2,3031264,The Broniverse
DMR,2,3031273,Northstar Hub
DMR,2,3031276,CA-MN Connection
DMR,2,3031281,NEM One
DMR,2,3031284,Brooklyn Boys NYC
DMR,2,3031285,NorthEast Mississippi
DMR,2,3031286,premiere communications group
DMR,2,3031288,NorthWest Mississippi
DMR,2,3031300,ELECRAFT all producets
DMR,2,3031301,Montana
DMR,2,3031311,Nebraska_Hub
DMR,2,3031320,IRN - International Radio Network
DMR,2,3031326,Alpha Radio Club
DMR,2,3031331,Northern NH AllStar Link
DMR,2,3031337,Hax0rNet
DMR,2,3031340,CNJHAM
DMR,2,3031360,NY-NJ-PA TriState
DMR,2,3031368,TAC FJB
DMR,2,3031370,NC TAC
DMR,2,3031371,TriangleNC
DMR,2,3031372,Central NC 
DMR,2,3031374,Carolina Link
DMR,2,3031375,High Rock Lake NC
DMR,2,3031379,Piedmont Triad
DMR,2,3031394,Southwest Ohio
DMR,2,3031398,BBARC
DMR,2,3031403,OklahomaLink
DMR,2,3031405,Canadian Valley Radio Club NF5Q - Oklahoma
DMR,2,3031420,PA PUBLIC SAFETY AMATEUR RADIO CLUB
DMR,2,3031421,Pennsylvania Connect
DMR,2,3031444,RHODE ISLAND DIGITAL LINK
DMR,2,3031451,SC Chat
DMR,2,3031458,SC Midlands
DMR,2,3031459,SC Pee Dee
DMR,2,3031465,Findlay ARTS
DMR,2,3031481,North Texas
DMR,2,3031482,West Tx
DMR,2,3031483,South Tx
DMR,2,3031484,Southeast Tx
DMR,2,3031485,Central Tx
DMR,2,3031489,DMR Track
DMR,2,3031515,Tidewater Virginia
DMR,2,3031516,Hampton Roads
DMR,2,3031525,Coastal Georgia 
DMR,2,3031535,TechTalk
DMR,2,3031555,WI-DMR
DMR,2,3031560,Southeast Wyoming
DMR,2,3031580,The NERDS-New Mexicans Engaged in Radio Discussions
DMR,2,3031581,"KD2UQK Long Island, NY - TGIF DMR "
DMR,2,3031620,KOD
DMR,2,3031624,KOD 2
DMR,2,3031625,The Hangout Spot
DMR,2,3031648,Northern Long Island DMR (NLI Section)
DMR,2,3031655,Ham Radio Venture Overland
DMR,2,3031661,OMIK
DMR,2,3031665,TGIF
DMR,2,3031666,TGIF UN-SECURE / LEGACY
DMR,2,3031675,REF020A Bridge
DMR,2,3031678,Catawba Valley DMR
DMR,2,3031679,blind hams group
DMR,2,3031683,DX-LINK2
DMR,2,3031688,Ham Shack Hotline
DMR,2,3031690,Rotten Apples Group
DMR,2,3031725,NY NJ weather
DMR,2,3031726,Ocean county
DMR,2,3031727,Garden state scanner news
DMR,2,3031760,XPR Network
DMR,2,3031770,RFinder Users Group
DMR,2,3031771,Pacific Northwest
DMR,2,3031775,FILAM Hams
DMR,2,3031777,MadChan
DMR,2,3031801,The Gathering Spot
DMR,2,3031802,Chat Lounge
DMR,2,3031803,The Secret Talk Group
DMR,2,3031910,XLX910T Multiprotocol Reflector
DMR,2,3031911,Southeast Emergency Network
DMR,2,3031963,New England DMR 
DMR,2,3031983,DVMIS Multimode ILS
DMR,2,3031999,My Knee Hurts
DMR,2,3032025,Columbia County FL 
DMR,2,3032103,CW Ops
DMR,2,3032323,Paddy's Pub
DMR,2,3032520,California High Desert
DMR,2,3032682,KE5MS Group
DMR,2,3032769,WB2QBP 
DMR,2,3033013,Latinos Unidos
DMR,2,3033217,Christain Co IL Skywarn
DMR,2,3033333,Jacksonville Hub
DMR,2,3033426,Red Digital del Noroeste A.C.
DMR,2,3033581,OMISS
DMR,2,3034482,Motor Coach Operators
DMR,2,3034567,Nomads of DMR
DMR,2,3034614,Weeki Wachee DMR
DMR,2,3034953,JMS FL South RAG CHEW
DMR,2,3034986,JMS FL South 2
DMR,2,3035000,KP4ASD
DMR,2,3036222,Northampton Scout Amateur Radio Group
DMR,2,3036250,Northampton Radio Club
DMR,2,3036940,Doghouse
DMR,2,3037030,Skynet
DMR,2,3037054,RadHisTec
DMR,2,3037188,Whole in the wall
DMR,2,3038232,Night Ops
DMR,2,3038632,CARA 91 RPTR Hernando MS 
DMR,2,3039000,Jeff & Tom
DMR,2,3039055,Italy - SysAdmins
DMR,2,3040251,Jeep Nation
DMR,2,3040401,VU-Hams India
DMR,2,3040404,PCCT
DMR,2,3041270,DXHub2
DMR,2,3041432,Model Trains
DMR,2,3041601,ArabQrz
DMR,2,3041992,Southern Michigan - Skywarn
DMR,2,3041997,Northern MI Skywarn 
DMR,2,3042001,SAUDI ARABIA-DMR
DMR,2,3042069,LID Net
DMR,2,3042600,AMERICA RU PREPARED
DMR,2,3043277,HEARS Network
DMR,2,3043389,SouthEast Link
DMR,2,3043844,Indiana-Link-South
DMR,2,3044023,kitaQ-kanmon Amateur radio Study Group
DMR,2,3044064,OwariAsahi-HamClub
DMR,2,3044120,Japan
DMR,2,3044134,N8JLK AllStar Node 48269
DMR,2,3044444,Follow Through
DMR,2,3044544,WB3JSW
DMR,2,3044796,KF6S
DMR,2,3045229,Illinois Concealed Carry
DMR,2,3045601,Southern Ohio SVARC 
DMR,2,3046075,Lugoff ASL Link
DMR,2,3046255,GMRS World
DMR,2,3046550,SB13
DMR,2,3047017,W9IKU Group
DMR,2,3047435,Talk-Tech-Trivia
DMR,2,3048074,74_ARPSC
DMR,2,3049274,Military Radio Manpack
DMR,2,3049500,ELLIS COUNTY RADIO GROUP
DMR,2,3049562,Boredom Breaker Net
DMR,2,3049855,Michigan D8 Auxcomm
DMR,2,3050051,The Digital Ham
DMR,2,3050210,Malaysia-NET
DMR,2,3050372,HF-Building Antennas
DMR,2,3050520,TGOM
DMR,2,3050853,KE8LCM AllStar Bridge NODE 508530
DMR,2,3050878,Amateur Radio Astronomy Net 
DMR,2,3051507,Iligan Amateur Radio Club
DMR,2,3051514,DX9BC B.R.A.V.E. Inc.
DMR,2,3051522,PINOY-LINK Network
DMR,2,3051547,Kapihan Network
DMR,2,3051550,Saipan Amateur Radio Club
DMR,2,3052008,EASTERN PENNSYLVANIA HUB
DMR,2,3052011,MDR
DMR,2,3052032,TG52032@HS3AS Thailand
DMR,2,3052091,XLXSYS
DMR,2,3052375,RadioNet Spain
DMR,2,3052525,Pinoy@SG
DMR,2,3052910,XLX Nexus
DMR,2,3053112,westmoreland county Pennsylvania TAC
DMR,2,3053473,DX1PRS
DMR,2,3053488,"Pyramid Radio Society, Inc."
DMR,2,3054338,Tech for special needs and ham radio
DMR,2,3055555,HF Portable Operation
DMR,2,3056309,Quad Cities IA/IL
DMR,2,3057663,Central Texas DMR Group
DMR,2,3059973,W2LCW Long Island CW Club
DMR,2,3060911,Southern Counties Emergency Repeater Network
DMR,2,3061616,AutoCad Users Group
DMR,2,3063054,KC1LKO Group
DMR,2,3063163,63Chat
DMR,2,3064086,Worldwide Handshakers
DMR,2,3065500,Homebrew Tech Talk
DMR,2,3065911,WC3PS-WEARS
DMR,2,3065982,Open Source Amateur Radio Club
DMR,2,3066944,Storm Chasing & Tracking
DMR,2,3070568,Powered Paragliding
DMR,2,3071474,NORTH-MICHIGAN
DMR,2,3072000,7.2
DMR,2,3072347,TurbineTalks
DMR,2,3072822,ScubaTalk
DMR,2,3073737,Ham Harder
DMR,2,3073836,South East Valley Emergency Net 
DMR,2,3074025,la radio al servizio della Nazione
DMR,2,3075088,"Rowlett, Texas"
DMR,2,3075119,The Double Nickel Gang
DMR,2,3075142,Kaufman County Amateur Radio Association
DMR,2,3076125,ariTrani
DMR,2,3076462,CRSnet
DMR,2,3077002,HOUSTON TEXAS AREA
DMR,2,3077454,Secret Squirrels - OSS
DMR,2,3078250,MtnComm
DMR,2,3078543,RV Life
DMR,2,3079602,Big Country Hams
DMR,2,3080085,NEW HAMLAND
DMR,2,3080104,DougCoCert
DMR,2,3080303,Navigation and Rucking 
DMR,2,3080795,CO CL Central
DMR,2,3082332,SupaDupa
DMR,2,3082415,Heavy Metal
DMR,2,3082483,Chicago-Link
DMR,2,3083201,D: VA3UEC-1
DMR,2,3084026,TCAG
DMR,2,3084030,SRHRN
DMR,2,3084032,AHRN
DMR,2,3084034,AC CFL
DMR,2,3088788,Midsouth reflector system
DMR,2,3088888,PowderMill
DMR,2,3088990,Italiani nel mondo
DMR,2,3089271,TXAR - TAC1
DMR,2,3089435,Texas i35hams
DMR,2,3090710,Radioscouting deutschsprachig
DMR,2,3091100,Texas First Responders
DMR,2,3091101,Firefighter Chat
DMR,2,3091102,NRV Public Safety Net
DMR,2,3091381,Kansas City Talk Group
DMR,2,3091789,America's Star (Active & Retired)
DMR,2,3091997,Computer Geeks of America
DMR,2,3093844,Recumbent Bikes/Trikes
DMR,2,3094550,ORANGE
DMR,2,3098638,InfoSec
DMR,2,3098794,Ham Radio Rookies
DMR,2,3099534,Maricela
DMR,2,3099797,CTRI 
DMR,2,3099846,General Motors Amateur Radio Club
DMR,2,3099912,WCARES TX
DMR,2,3099961,Abruzzo Talk AllStar
DMR,2,3099999,Arizona Cactus 
DMR,2,3234009,GB7GW - Link
DMR,2,3235287,GB7NR Nottingham
DMR,2,3240717,SK7RFL Local
DMR,2,3240721,SK7RFL SvxLink
DMR,2,3310441,WNY-DIGITAL
DMR,2,3310530,Tallapoosa County Alabama
DMR,2,3311105,Black Swamp Radio Soceity
DMR,2,3311293,The Darksiders
DMR,2,3311630,MKE 443.950 RPTR LINK -AA9JR
DMR,2,3311649,N9BIG Repeater Local
DMR,2,3311653,Van Wert Link
DMR,2,3311784,Logan County Amateur Radio Club
DMR,2,3311954,Escondido DMR Repeater
DMR,2,3312186,SCARC
DMR,2,3312264,KV4S
DMR,2,3312266,kb8vll Group
DMR,2,3312543,PART
DMR,2,3314255,MUDDUCKS

DMR,2,4000014,WWW-Spanish
DMR,2,4002041,NL-Noord
DMR,2,4002042,NL-Midden
DMR,2,4002043,NL-Zuid
DMR,2,4002044,NL-Oost
DMR,2,4002045,NL-Tech
DMR,2,4000204,Netherlands
DMR,2,4020612,BE-Waasland
DMR,2,4002061,BE-North
DMR,2,4002062,BE-South
DMR,2,4000206,Belgium
DMR,2,4020800,C4FM
DMR,2,4208357,Lorraine
DMR,2,4000208,France

DMR,2,4214002,Aragon
DMR,2,4214038,ALCOYANOS
DMR,2,4021404,Almeria
DMR,2,4002140,Multimode
DMR,2,4021410,Caceres
DMR,2,4021414,Cordoba
DMR,2,4021422,Huesca
DMR,2,4021428,Madrid
DMR,2,4021430,Murcia
DMR,2,4021431,Navarra
DMR,2,4021433,Asturias
DMR,2,4021437,Salamanca
DMR,2,4021463,REM
DMR,2,4021465,ADER
DMR,2,4021478,ELITE 
DMR,2,4002147,Regional-EA7
DMR,2,4021480,NAVARLIK
DMR,2,4021485,Pirineos
DMR,2,4021490,GRT
DMR,2,4002149,TEST
DMR,2,4000214,Spain
DMR,2,4022220,Italynet
DMR,2,4000222,Italia
DMR,2,4023414,North West
DMR,2,2351111,CQ-UK
DMR,2,4002356,Wales
DMR,2,4026254,DE-Kusel
DMR,2,4000262,Deutschland
DMR,2,4026403,DE-NK-Saar
DMR,2,4026421,C4FM-Hamburg
DMR,2,4302051,SSPDB
DMR,2,4003023,Canada
DMR,2,4311953,VARG
DMR,2,4031443,US-KEYWEST 
DMR,2,4033023,TG-23PSE
DMR,2,4037030,SKYNET
DMR,2,4004040,DMR-CHN
DMR,2,4044120,Japan
DMR,2,4070600,CRAS
DMR,2,4007144,Chiriqui
DMR,2,4007227,Argentina-Link
DMR,2,4007487,Uruguay
DMR,2,4008075,DE-RAMSES
DMR,2,4000091,World
DMR,2,4000987,Centro America
DMR,2,4009990,Parrot
